,Persian Translation (Google Translate),sentiment
1,آب مروارید,-1
5,آبجو,1
7,آبرومند,1
17,آبگرم,1
37,آدرس,1
44,آراسته,1
47,آرامش بخش,1
52,آرسنیک,-1
55,آرمانی,1
56,آرمان‌گرا,1
61,آزاداندیش,1
62,آزادانه,1
63,آزاده,1
64,آزادیخواه,1
66,آزار,-1
67,آزاردهنده,-1
68,آزارنده,-1
72,آزمند,-1
75,آس و پاس,-1
76,آسان,1
78,آسان‌گیر,1
81,آسمان,1
84,آسمانی,1
86,آسم‌زا,-1
88,آسیب پذیر,-1
89,آسیب‌دیده,-1
90,آسیب‌رسان,-1
94,آسیا,-1
95,آسیب پذیری,-1
97,آشامیدنی,-1
98,آشتی جویانه,1
99,آشتی‌ناپذیر,-1
100,آشفته,-1
102,آشوب‌طلب,-1
103,آشکار,1
107,آغازگر,1
109,آفتاب,1
110,آفتابه‌دزد,-1
120,آقا,1
122,آلاینده,-1
125,آلرژی‌زا,-1
126,آلزایمری,-1
129,آلو,1
130,آلوده,-1
131,آلوده‌کننده,-1
132,آلوده‌گر,-1
133,آلودگی,-1
139,آماتوری,-1
140,آماده,1
141,آمادگی,1
146,آمفتامین,-1
149,آموزش,1
153,آموزشی,1
154,آموزش‌دیده,1
155,آموزش‌ندیده,-1
163,آنارشیست,-1
164,آنارشیسم,-1
168,آنتی بیوتیک‌ها,1
171,آنفولانزا,-1
177,آهن,-1
180,آهنگساز,1
181,آواتار,1
183,آوانگارد,1
193,آینده نگر,1
195,آینده‌گرا,1
200,آپاندیسیت,-1
207,آگاه,1
208,آگاهانه,1
213,ائتلاف,1
219,ابا,1
225,ابتکاری,1
226,ابد,1
227,ابداعی,1
229,ابدی,1
230,ابدیت,1
232,ابر مرد,1
234,ابراز تاسف,-1
237,ابرقدرت,1
242,ابریشم,1
248,ابشاری,1
249,ابطال,-1
250,ابطال و فسخ,-1
254,ابله,-1
255,ابله مرغان,-1
256,ابلهانه,-1
257,ابهام,-1
258,ابهام‌آلود,-1
264,اتحاد,1
265,اتحادیه,1
271,اتش زا,-1
272,اتشفشان,-1
273,اتشی,-1
280,اتلاف‌گر,-1
281,اتم,1
282,اتمام,1
285,اتهام,-1
286,اتهامی,-1
297,اثر,1
299,اثر تاریخی,1
310,اجازه,1
312,اجاق,1
313,اجبار,-1
314,اجباری,-1
317,اجتماعی,1
319,اجتناب,-1
322,اجتناب ناپذیر,-1
323,اجتناب کردن,-1
324,اجتناب کردن از,-1
327,اجراء,-1
331,اجنبی,-1
333,احاطه کردن,1
335,احترام,1
336,احترام‌برانگیز,1
342,احتکار,-1
343,احتیاط,1
344,احتیاطی,1
345,احساس,1
347,احساسات,1
349,احساساتی,-1
350,احساساتی,1
352,احشاء,1
353,احشاء و امعاء,-1
354,احضار,-1
356,احضاریه,-1
357,احمق,-1
358,احمقانه,-1
359,احیا,1
369,اختفاء,-1
370,اختلاس,-1
371,اختلاف,-1
373,اختلاف نظر دارند,-1
375,اختلاف‌برانگیز,-1
376,اختلاف‌زا,-1
377,اختلال,-1
378,اختلال اعصاب,-1
382,اختیاری,1
383,اخراج,-1
384,اخراج کردن,-1
391,اخلاق گرا,1
393,اخلاقی,1
394,اخلال‌گر,-1
395,اخم,-1
396,اخمو,-1
401,اداره کردن,1
406,ادامه,1
407,ادب,1
415,ادغام,1
416,ادغام کردن,1
417,ادم احمق و ابله,-1
419,ادم بی تربیت,-1
420,ادم بیکار و تنبل,-1
421,ادم بیکاره و مهمل,-1
423,ادم حقه باز,-1
424,ادم خائن و بدنهاد,-1
425,ادم خواری,-1
427,ادم دزدی کردن,-1
428,ادم سفیه و احمق,-1
429,ادم چاپلوس,1
430,ادم کودن و احمق,-1
431,ادمخوار,-1
433,ادویه,1
436,اذیت,-1
438,اذیت کردن,-1
440,ارائه,1
441,ارائه اطلاعات نادرست,-1
445,ارادت مند,1
448,اراذل و اوباش,-1
450,ارامش,1
456,اربابی,1
457,ارتباط,1
461,ارتداد,-1
471,ارجمند,1
479,ارزان,1
480,ارزش,1
481,ارزشمند,1
483,ارزنده,1
491,ارشدیت,1
495,ارعاب,-1
500,ارواح,1
506,ارکستر,1
508,ارگانیک,1
511,اریب,-1
516,از بین بردن,-1
518,از بین رفته,-1
520,از جا در رفته,-1
521,از جان گذشته,-1
524,از خود راضی,-1
525,از خود متشکر,-1
527,از دست دادن,-1
528,از دست دادگی,-1
529,از دست رفته,-1
531,از دین برگشته,-1
532,از راه بدر کردن,-1
535,از روی لئامت دادن,-1
537,از سر گیری,1
538,از شدت چیزی کاستن,1
540,از میان بردن,-1
542,از نو ساختن,1
543,از نو سنگر سازی,-1
544,از نو طرح کردن,1
546,از هم پاشیدن,-1
547,از وسط خم شدن,-1
549,از پای در امدن,-1
552,از کار افتاده,-1
553,از کار انداختن,-1
554,از کوره در رفته,-1
555,ازادی,1
556,ازار,-1
557,ازار دادن,-1
558,ازار دهنده,-1
561,ازبین‌برنده,-1
564,ازدحام,-1
565,ازدست رفته,-1
566,ازدست‌داده,-1
567,ازدنیارفته,-1
568,ازدواج,1
569,ازدواج کردن,1
571,ازدیاد غیر عادی مایع,-1
572,ازردن,-1
577,از‌جان‌گذشته,1
578,اسارت,-1
583,اساسی,1
591,اسب سواری,1
593,اسب نر,1
597,استاد,1
605,استبداد,-1
607,استبدادی,-1
613,استحکام,1
614,استخدام,1
623,استخوان‌شکن,-1
624,استدلال,-1
626,استدلالی,-1
629,استراتژیک,1
630,استراق سمع,-1
633,استرس‌زا,-1
635,استریل,1
639,استعداد,1
640,استعفا,-1
641,استعفا داد,-1
648,استفاده‌شده,-1
649,استفراغ,-1
650,استقامت,1
652,استقلال,1
662,استهزاء,-1
663,استهلاک,-1
674,اسراف,-1
681,اسفناک,-1
682,اسفنج,-1
694,اسم بی مسمی,-1
701,اسهال خونی,-1
703,اسیر,-1
708,اسکار,-1
709,اسکاچ,-1
713,اسکنه,1
720,اسیب,-1
721,اسیب زدن,-1
723,اسید,-1
725,اسیر,-1
726,اسیر کردن,1
727,اسیر کننده,-1
728,اشاره,1
733,اشباع,-1
734,اشباع شده,-1
738,اشتباه,-1
739,اشتباه بزرگ,-1
740,اشتباهی,-1
742,اشتغال,1
743,اشتغال‌زا,1
747,اشتیاق,1
748,اشتیاق داشتن,1
749,اشرافی,1
750,اشرافی,1
751,اشراق,1
754,اشغال کردن,1
755,اشغال‌گر,-1
756,اشغالی,-1
759,اشوبگرانه,-1
764,اشکار شدن,1
765,اشکال,-1
769,اصابت,-1
770,اصالت,1
771,اصالت خانوادگی,1
772,اصرار,1
778,اصطلاحات مخصوص یک صنف,-1
785,اصل موضوع,1
788,اصلاح طلب,1
789,اصلاح کردن,1
790,اصلاحات,1
792,اصلاحی,1
794,اصلی,1
796,اصول اخلاق,1
802,اصیل,1
804,اضافه بار,-1
806,اضافه پرداخت,-1
807,اضافه کردن,-1
810,اضافی,1
812,اضطراب,-1
813,اضطراب سخت و ناگهانی,-1
815,اطاعت,1
828,اطلاعات,1
832,اطلس,1
834,اطمینان بخش,1
837,اطمینان دادن,1
838,اطمینان مجدد,1
840,اظهار غلط,-1
842,اعاده,1
843,اعاده دادن,-1
844,اعتبار,1
848,اعتدال,1
850,اعتذاری,1
851,اعتراض,-1
852,اعتراض آمیز,-1
853,اعتراضی,-1
858,اعتصاب,-1
862,اعتماد,1
863,اعتماد بنفس,1
864,اعتماد به نفس,1
866,اعتیادآور,-1
867,اعتیاد,-1
868,اعتیاد به مواد مخدره,-1
869,اعتیاد به نوشیدن الکل,-1
871,اعجوبه,1
872,اعدام,-1
876,اعطا شده,1
880,اعلاء,1
882,اعلام جرم,-1
888,اعلیحضرت,1
890,اعوجاج,-1
891,اعیانی,1
893,اغتشاش,-1
895,اغراق آمیز,-1
897,اغماء,-1
900,افت,-1
902,افتابی,1
903,افتاده,1
904,افتادگی,-1
905,افتتاح,1
908,افتخار,1
909,افتخارآفرین,1
910,افتخاراتی,1
912,افترا,-1
913,افترا امیز,-1
914,افتضاح,-1
916,افراطی,-1
917,افزار,-1
920,افزایش,1
921,افزایش دادن,1
922,افزایشگر,-1
924,افزودن,1
926,افزوده,1
930,افسار,-1
931,افسارگسیخته,-1
935,افسانهای,1
936,افسر,1
937,افسرده,-1
938,افسرده کردن,-1
939,افسرده کننده,-1
940,افسردگی,-1
942,افسون,1
943,افسون‌گری,-1
950,افق,1
955,افول,-1
956,افیونی,-1
958,اقامت,1
960,اقامه کردن,-1
964,اقتدارگریز,-1
967,اقتصادی,1
968,اقدام,1
970,اقرار,-1
976,اقلیت,-1
982,الاغ,-1
991,التهاب,-1
992,التیام‌بخش,1
993,التیام‌دهنده,1
995,الحاد,-1
996,الحادی,-1
999,الحاقیه,1
1001,الزام,-1
1002,الزامی,-1
1011,الماس,1
1012,الهام,1
1014,الهام بخشیدن,1
1015,الهام گرفته از,1
1023,الودگی,-1
1024,الوهیت,1
1031,الکتریکی,1
1033,الکل متیلیک,-1
1035,الکی,-1
1052,امتحان,-1
1053,امتحان سخت برای اثبات بیگناهای,-1
1056,امتناع,-1
1059,امد و شد زیاد,-1
1060,امدادرسان,1
1069,امضاء کردن,1
1072,امل,-1
1075,امن,1
1079,اموزشی,1
1082,امی,-1
1083,امیدبخش,1
1084,امیدوار,1
1085,امیدوارکننده,1
1096,امید,1
1097,امید بخش,1
1098,امیدوار,1
1099,امیر,1
1101,امین صلح یا قاضی,-1
1112,انتحار,-1
1113,انتحاری,-1
1125,انتظار,1
1129,انتقاد,-1
1130,انتقاد کردن,-1
1133,انتقادپذیر,1
1135,انتقال,-1
1138,انتقام,-1
1139,انتقام جو,-1
1140,انتقام گیری,-1
1141,انتقام‌جو,-1
1143,انتها,-1
1148,انجام دادن,1
1149,انجام شده,1
1152,انجماد,-1
1156,انجیل,1
1159,انحرافی,-1
1166,اندازه گیری,1
1172,اندوده,-1
1174,اندوه,-1
1175,اندوهگین,-1
1184,انرژی و زنده دلی,1
1185,انزال,1
1187,انزجار,-1
1188,انزوا,-1
1189,انزواطلب,-1
1190,انس,1
1191,انسان دوستانه,1
1197,انسداد,-1
1198,انسداد جریان خون,-1
1201,انشاءالله,1
1202,انشعاب,1
1203,انصاف,1
1206,انطباق,1
1209,انعطاف پذیری,1
1210,انعطاف‌ناپذیر,-1
1215,انفجار,-1
1219,انفعال,-1
1220,انفعالی,-1
1221,انفلوانزا,-1
1224,انقباض,-1
1225,انقباض غیر ارادی ماهیچه,-1
1230,انقلابی,1
1232,انقیاد,-1
1236,انژین,-1
1237,انکار,-1
1238,انکار ناپذیر,1
1239,انکار کردن,-1
1244,انگل,-1
1245,انگلی,-1
1250,انگیزه,1
1253,انیمیشن,1
1256,اهانت‌کننده,-1
1257,اهداء,1
1263,اهریمنی,-1
1264,اهسته,-1
1267,اهل,1
1268,اهل بیت,-1
1269,اهل تفریح ​​و بازی,1
1271,اهلی,1
1273,اهمیت,1
1274,اهن,1
1275,اهن مغناطیسی,1
1282,اوایی,1
1283,اوت,1
1284,اوج,1
1285,اوج خوش بختی,1
1286,اوج لذت جنسی,1
1289,اوراق قرضه,-1
1291,اورژانس,-1
1294,اولویت,1
1296,اولیه,1
1306,ایثارگر,1
1311,ایده‌آل,1
1312,ایرادگیر,-1
1317,ایران‌دوست,1
1319,ایران‌پرست,1
1327,ایمن,1
1331,اپرا,1
1342,اکثریت,1
1343,اکروبات,1
1345,اکسپرس,1
1346,اکسیداسیون,-1
1350,اگزوز,-1
1351,اگهی در گذشت,-1
1353,ایجاد حریق عمدی,-1
1355,ایستا,-1
1359,ایش,-1
1362,ایمان,1
1366,اینجا,-1
1370,ایوان,-1
1374,با احتیاط,1
1375,با ادب,1
1376,با ارزش,1
1378,با استعداد,1
1379,با اسکنه کندن,-1
1382,با انصاف,1
1383,با اکراه,-1
1384,با ایمان,1
1385,با بهره گیری از,1
1386,با تجربه,1
1387,با ترشرویی,-1
1390,با جیغ وداد بازی کردن,1
1392,با حیا,1
1393,با خصومت روبرو شدن,-1
1395,با دوام,1
1396,با ذوق,1
1397,با روشنایی ضعیف تابیدن,1
1399,با سرعت حرکت کردن,-1
1401,با سیاست,1
1402,با سیخونک بحرکت واداشتن,-1
1403,با شخصیت,1
1404,با شکوه,1
1406,با صدا غذا خوردن,-1
1408,با صدای تلپ افتادن,-1
1409,با صرفه,1
1411,با ضربات تند,1
1412,با ضربه زدن,-1
1413,با غیرت,1
1416,با قصد قبلی,-1
1417,با مته سوراخ کردن,-1
1418,با محبت,1
1419,با ملاحظه,1
1422,با نفس بریده بریده سخن گفتن,1
1426,با وجدان,1
1428,با وقار,1
1430,با چماق زدن,-1
1433,با کف دست زدن,-1
1436,باابهت,1
1437,بااراده,1
1438,باارزش,1
1440,باانضباط,1
1441,باانگیزه,1
1443,باتجربه,1
1444,باتدبیر,1
1445,باتری,-1
1446,باتقوا,1
1447,باتلاق,-1
1449,باتلاقی,-1
1452,باحوصله,1
1453,باخبر,1
1455,باخیروبرکت,1
1457,باد خالی کردن,-1
1458,باد کردن,1
1459,باد کرده,-1
1462,بادبادک,-1
1466,بادرد,-1
1467,بادقت,1
1469,باده پرستی,-1
1471,بادوام,1
1476,بادکش,-1
1492,بارداری,-1
1493,بارز,1
1503,بارور,1
1510,بارگران,-1
1517,باز بودن,1
1518,باز داشتن,-1
1519,باز پرداخت,1
1523,باز گشت,-1
1530,بازارپسند,1
1537,بازداشت,-1
1538,بازداشت شدگان,-1
1539,بازداشت‌شده,-1
1541,بازدید,1
1542,بازرس,1
1552,بازنده,-1
1553,بازنشسته,1
1564,بازیگوش,-1
1565,بازیگوشانه,-1
1566,بازپرداخت,-1
1567,بازگرداندن,1
1571,بازی بسکتبال,1
1578,بازیچه قرار دادن,-1
1579,بازیکن,-1
1580,بازیگر,1
1582,باسابقه,-1
1584,باستان شناسی,1
1585,باستانی,-1
1586,باستانی,-1
1588,باسواد,1
1590,باشعور,1
1592,باشکوه,1
1595,باصلابت,1
1596,باطراوت,1
1597,باطل,-1
1598,باطل ساختن,-1
1599,باطل سازی,-1
1600,باطل کردن,-1
1602,باطل‌شده,-1
1605,باعرضه,1
1606,باغ,1
1615,بافت برداری,-1
1619,بافضیلت,1
1620,باقاعده,1
1623,باقی,1
1624,باقی مانده,-1
1627,بال و پر زدن,-1
1635,بالادست,1
1640,بالش,1
1641,بالشتک,1
1646,بالنده,1
1647,باله,1
1652,بامحتوا,1
1653,بامزه,1
1659,بانزاکت,1
1660,بانفوذ,1
1665,بانک ناپذیر,-1
1668,بانی خیر,1
1670,باهم زیستن,1
1672,باهوش,1
1673,باهویت,1
1674,باهیبت,1
1676,باور,1
1677,باور نکردنی,-1
1680,باورنکردنی,-1
1683,باوفا,1
1684,باوقار,1
1686,بایکوت,-1
1688,باکتری,-1
1689,باکره,1
1690,باکلاس,1
1691,باکیفیت,1
1694,بایگانی راکد,-1
1697,بت,1
1698,بت پرست,-1
1699,بت پرستی,-1
1704,بته مرده,-1
1705,بتواند,-1
1714,بحث انگیز,-1
1715,بحث برانگیز,-1
1716,بحث برانگیز,-1
1718,بحد افراط رساندن,-1
1719,بحران,-1
1720,بحران اقتصادی,-1
1721,بحران زا,-1
1722,بحرانی,-1
1723,بحرانی,-1
1724,بحران‌زده,-1
1726,بخار,-1
1732,بخرد,1
1733,بخردانه,1
1735,بخش عمده,1
1737,بخشاینده,1
1739,بخشش,1
1741,بخشنده,1
1743,بخشودنی,1
1744,بخشودگی,1
1747,بخشیدن,1
1748,بخطر انداختن,-1
1750,بخور دادن به,-1
1751,بخیل,-1
1753,بد,-1
1754,بد اخلاق,-1
1755,بد بخت,-1
1756,بد خلق,-1
1757,بد خو,-1
1758,بد شانسی,-1
1759,بد شکل,-1
1760,بد قلب,-1
1762,بد نام,-1
1763,بد نام کردن,-1
1766,بداقبال,-1
1767,بداندیش,-1
1772,بدبخت,-1
1773,بدبختی,-1
1774,بدبو,-1
1775,بدبین,-1
1776,بدبین,-1
1777,بدبینی,-1
1778,بدتر,-1
1779,بدجلوه دادن,-1
1780,بدجنس,-1
1781,بدحال,-1
1782,بدحجاب,-1
1783,بدحساب,-1
1784,بدخط,-1
1785,بدخواه,-1
1786,بدخیم,-1
1787,بدخیم,-1
1788,بدخیمی,-1
1789,بددهن,-1
1790,بددوا,-1
1791,بدذات,-1
1792,بدرکاب,-1
1793,بدسابقه,-1
1794,بدساخت,-1
1795,بدسلیقه,-1
1796,بدشانس,-1
1797,بدشکل,-1
1798,بدشکلی,-1
1799,بدصدا,-1
1800,بدطینت,-1
1801,بدعادت,-1
1803,بدفهم,-1
1804,بدقت,1
1805,بدقدم,-1
1806,بدقواره,-1
1807,بدقول,-1
1808,بدل,-1
1809,بدلباس,-1
1810,بدلی,-1
1811,بدمزه,-1
1812,بدمسیر,-1
1814,بدنام,-1
1816,بدنیت,-1
1817,بدنی,-1
1819,بدهضم,-1
1820,بدهکار,-1
1821,بدهی,-1
1824,بدون بهانه,-1
1826,بدون خونریزی,1
1829,بدون زرق و برق,-1
1830,بدون شک,1
1832,بدون مقدمه,-1
1838,بدوی,-1
1840,بدیع,1
1841,بدیمن,-1
1842,بدیهی,1
1843,بدکار,-1
1844,بدکاری,-1
1845,بدگمانی,-1
1846,بدگویانه,-1
1847,بدی,-1
1849,بذله گو,1
1850,بذله گویی,1
1851,بذله‌گو,1
1853,بر انگیختن,1
1854,بر خلاف قانون اساسی,-1
1855,بر هم زدن,-1
1856,برآمده,-1
1858,برآورده نشده,-1
1860,برابری,1
1861,برادر,1
1864,برادرانه,1
1865,برادری,1
1868,براق,1
1870,براندازی,-1
1871,براندی,-1
1875,برانگیخته,1
1878,بربادرفته,-1
1879,بربریت,-1
1880,برتر,1
1881,برتری,1
1882,برترین,1
1883,برج,1
1885,برج عاج نشین,-1
1887,برجسته,1
1890,برجستگی,1
1891,برحذر بودن,-1
1895,برخورد,-1
1896,برخوردار,1
1898,برداشت,-1
1899,برداشتن,-1
1900,بردبار,1
1902,برده,-1
1903,بردگی,-1
1908,برش,-1
1911,برش‌دار,1
1912,برطرف کردن,-1
1916,برف و باران,-1
1924,برق‌آسا,1
1926,برملا,1
1930,برنامه ریزی,1
1936,برنده,1
1937,برنده تمام پولها,1
1939,برنزه,1
1942,بره,1
1947,برو,1
1950,برومند,1
1967,برکت,1
1968,برکت دهد,1
1971,برگ بو,1
1975,برگردان,1
1984,برگزیده,1
1985,برگشت,-1
1986,برگشت دهنده,-1
1992,بریدن,-1
1996,بریدگی,-1
2000,بزدل,-1
2005,بزرگان,1
2006,بزرگتر,1
2008,بزرگداشت,1
2010,بزرگوار,1
2013,بزمی,1
2014,بزمین,-1
2017,بزور وادار کردن,-1
2020,بساز,1
2022,بسامان,1
2032,بسته شدن,1
2045,بسیار خوشحال,1
2046,بسیار سرد,-1
2048,بسیار مأیوس کننده,-1
2049,بسیار مشتاق,-1
2051,بسیار گرسنه,-1
2056,بشاش,1
2057,بشدت,-1
2058,بشر دوست,1
2059,بشر دوستی,1
2060,بشردوست,1
2061,بشردوستانه,1
2064,بشریت,1
2069,بصیر,-1
2070,بصیرت,1
2075,بطلان,-1
2078,بطور بریده بریده,1
2082,بطور سرد,-1
2083,بطور صحیح,1
2096,بغرنج,-1
2097,بغض‌آلود,-1
2099,بغل کردن,1
2105,بلا,-1
2106,بلااستفاده,-1
2107,بلاتکلیف,-1
2113,بلامنازع,1
2116,بلدرچین,-1
2123,بلند,-1
2124,بلند و باریک,1
2125,بلند کردن,1
2126,بلند کردن جنس از مغازه,-1
2127,بلندآوازه,1
2128,بلنداندام,1
2129,بلندبالا,1
2130,بلندقامت,1
2131,بلندقد,1
2135,بلندپرواز,-1
2136,بلندی,1
2137,بلندی صدا,-1
2143,بلوز,-1
2144,بلوط,1
2152,بمب,-1
2154,بمباران,-1
2155,بمباران کردن,-1
2156,بموقع,1
2158,بن بست,-1
2162,بنام,1
2164,بنجل,-1
2165,بند,-1
2176,بنده نواز,1
2177,بنده کردن,-1
2186,بنگی,-1
2189,به‌ آسانی,1
2192,به استثنای,-1
2193,به استقلال ندادند,1
2194,به اندازه کافی,-1
2197,به بردگی گرفته شده,-1
2198,به تاخیر افتاده,-1
2200,به تعویق انداختن,-1
2202,به تنهایی,1
2203,به جلو,1
2204,به حداقل رساندن,-1
2205,به خاک سپرده شد,-1
2206,به دست آوردن,1
2209,به رخ کشیدن,-1
2212,به زمین نشست,1
2214,به زور,-1
2217,به سرقت رفته,-1
2218,به سیاه چال انداختن,-1
2219,به شدت,-1
2220,به صراحت,1
2225,به طرز وحشیانه‌ای,-1
2235,به طور پیش فرض,-1
2236,به طور کامل,1
2238,به عقب,-1
2239,به علت,-1
2240,به مخاطره می‌اندازد,-1
2241,به مراتب بیشتر,-1
2243,به ندرت,-1
2244,به هدر رفتن,-1
2245,به همان اندازه,1
2247,به یاد ماندنی,1
2253,بهادار,1
2256,بهاری,1
2257,بهانه,-1
2258,بهانه گیر,-1
2260,بهبود,1
2262,بهت زده,-1
2263,بهت و حیرت,-1
,بهتر,1
2264,بهتر بودن از,1
,بهترین,1
2265,بهتر شدن,1
2268,بهداشتی,1
2269,بهداشتی,1
2271,بهره وری,1
2272,بهره‌مند,1
2278,بهم زدن,-1
2280,بهمن,-1
2281,بهنجار,1
2282,بهینه,1
2284,به‌دردنخور,-1
2285,به‌درد‌بخور,1
2286,به‌درد‌نخور,-1
2287,به‌روز,1
2288,به‌موقع,1
2290,به‌هنگام,1
2291,به‌کار‌گرفته‌شده,-1
2293,بو,-1
2294,بواسیر,-1
2307,بورس تحصیلی,1
2315,بوسه,1
2322,بوق زدن,-1
2323,بوقلمون صفت,-1
2329,بومی,-1
2331,بوگندو,-1
2334,بی آبرو,-1
2335,بی احتیاط,-1
2336,بی اختیار,-1
2337,بی ادب,-1
2338,بی ادعا,1
2339,بی اراده,-1
2340,بی ارزش,-1
2341,بی اصل و نسب,-1
2342,بی اعتبار,-1
2343,بی انصاف,-1
2344,بی انضباط,-1
2346,بی انگیزه,-1
2347,بی اهمیت,-1
2348,بی ایمان,-1
2349,بی باک,1
2350,بی برکت,-1
2351,بی بنیه,-1
2352,بی بهره,-1
2353,بی تجربه,-1
2354,بی تدبیر,-1
2355,بی جان,-1
2356,بی حال,-1
2357,بی حرکت,1
2358,بی حوصله,-1
2359,بی حیا,-1
2360,بی خاصیت,-1
2361,بی خطر,1
2363,بی خیال,-1
2364,بی درد,1
2366,بی دقت,-1
2367,بی دلیل,-1
2368,بی دوام,-1
2370,بی ربط,-1
2371,بی رحم,-1
2372,بی رمق,-1
2374,بی رونق,-1
2376,بی ریط,-1
2377,بی سواد,-1
2378,بی شعور,-1
2380,بی فایده,-1
2381,بی مانند,1
2382,بی مثال,1
2383,بی محابا,1
2384,بی محل,-1
2385,بی معنا,-1
2386,بی ملاحظه,-1
2387,بی مناسبت,-1
2389,بی نتیجه,-1
2390,بی نصیب,-1
2391,بی نظم,-1
2392,بی نظیر,1
2395,بی نیاز,1
2396,بی هدف,-1
2397,بی همتا,1
2399,بی هویت,-1
2401,بی وجدان,-1
2402,بی وفا,-1
2404,بی پایه,-1
2405,بی پول,-1
2406,بی کلاس,-1
2407,بی گناه,1
2411,بیدادگر,-1
2415,بیزار,-1
2420,بیم ناک,-1
2421,بیمار,-1
2423,بیماری زا,-1
2427,بیم‌دهنده,-1
2433,بینوا,-1
2436,بیهوده,-1
2438,بیچاره,-1
2439,بیکار,-1
2441,بیگانه,-1
2443,بی‌آب‌و‌علف,-1
2446,بی‌اثر,-1
2447,بی‌احساس,-1
2448,بی‌ارزش,-1
2450,بی‌اشتها,-1
2451,بی‌اطلاع,-1
2452,بی‌اعتقاد,-1
2453,بی‌اعتنا,-1
2456,بی‌بته,-1
2457,بی‌بر,-1
2459,بی‌بندوبار,-1
2460,بی ترییت,-1
2461,بی‌توجه,-1
2463,بی‌ثبات,-1
2464,بی‌ثمر,-1
2465,بی‌جواب,-1
2468,بی‌حفاظ,-1
2469,بی‌حواس,-1
2470,بی‌خانمان,-1
2471,بی‌خبر,-1
2473,بی‌خواننده,-1
2474,بی‌خیرو برکت,-1
2476,بی‌دست‌و‌پا,-1
2478,بی‌دل‌و‌جرئت,-1
2481,بی‌رقیب,1
2483,بی‌ریا,1
2484,بی‌ریشه,-1
2486,بی‌سرانجام,-1
2487,بی‌سروته,-1
2488,بی‌سروسامان,-1
2489,بی‌سروصدا,1
2490,بی‌سکنه,-1
2492,بی‌صفت,-1
2493,بی‌ظرفیت,-1
2494,بی‌عرضه,-1
2496,بی‌علاقه,-1
2497,بی‌غل‌وغش,1
2498,بی‌غیرت,-1
2499,بی‌فک‌و‌فامیل,-1
2500,بی‌قاعده,-1
2502,بی‌محتوا,-1
2503,بی‌مخاطب,-1
2504,بی‌مزه,-1
2505,بی‌معرفت,-1
2507,بی‌میل,-1
2510,بی‌وحدت,-1
2512,بی‌پاسخ,-1
2515,بی‌پرده,1
2516,بی‌پروا,1
2518,بی‌چفت‌و‌بست,-1
2519,بی‌چیز,-1
2520,بی‌کس,-1
2522,بی‌کله,-1
2523,بی‌کیفیت,-1
2524,بی کیفیت,-1
2528,بچه ناقص الخلقه,-1
2532,بچه گربه,1
2533,بچگانه,-1
2538,بکارت,1
2539,بکر,1
2544,بی اثر,-1
2545,بی اثر کردن,-1
2546,بی احترامی,-1
2547,بی احترامی کردن به,-1
2548,بی ادب,-1
2549,بی اراده,-1
2550,بی ارزش,-1
2551,بی اساس,-1
2552,بی اعتبار ساختن,-1
2553,بی اعتبار کردن,-1
2554,بی اعتقاد,-1
2557,بی اهمیت,-1
2558,بی اهمیتی,-1
2559,بی ایمانی,-1
2560,بی باک,1
2561,بی بها,1
2562,بی تاب,-1
2563,بی تجربگی,-1
2564,بی تدبیر,-1
2566,بی تردید,1
2567,بی تفاوت,-1
2568,بی توجه,-1
2569,بی توجهی,-1
2570,بی تکلف,1
2571,بی ثبات,-1
2572,بی ثباتی,-1
2573,بی ثمر,-1
2574,بی جا,-1
2578,بی حالی,-1
2580,بی حرمتی,-1
2581,بی حرمتی کردن,-1
2583,بی حس,-1
2584,بی حساب,-1
2585,بی حسی,-1
2586,بی حوصلگی,-1
2587,بی خانمان,-1
2588,بی خبر,-1
2589,بی خدا,-1
2590,بی خردی,-1
2591,بی خطر,1
2595,بی ربط,-1
2596,بی رحم,-1
2598,بی رنگی,-1
2599,بی روح,-1
2600,بی ریخت,-1
2603,بی سر و صدا,-1
2604,بی سر و صدایی,1
2605,بی سرپرست,-1
2606,بی سواد,-1
2607,بی سیم,1
2608,بی شرم,-1
2611,بی شکل,-1
2612,بی ضرر,1
2613,بی طرف,1
2614,بی عاطفه,-1
2615,بی عدالتی,-1
2616,بی علاقگی,-1
2617,بی عیب,1
2618,بی عیب و نقص,1
2620,بی فایده,-1
2621,بی فایدگی,-1
2622,بی قاعده,-1
2623,بی قانونی,-1
2624,بی قراری,-1
2625,بی قید,1
2626,بی مبالات,-1
2627,بی مبالاتی,-1
2629,بی مزه,-1
2630,بی معنی,-1
2631,بی ملاحظه,-1
2632,بی مناسبتی,-1
2633,بی منطق,-1
2635,بی مهارت,-1
2636,بی موقع,-1
2637,بی میل,-1
2639,بی نام,-1
2642,بی نظم,-1
2643,بی نظمی,-1
2644,بی نظمی و اغتشاش,-1
2645,بی نظیر,1
2646,بی نقص,1
2647,بی نهایت,-1
2650,بی همتا,1
2651,بی وجدان,-1
2652,بی وفا,-1
2653,بی پایان,-1
2654,بی پدر و مادر,-1
2655,بی پرده,1
2656,بی پروا,-1
2657,بی پروایی نشان دادن,-1
2659,بی چاره,-1
2661,بی کار,-1
2662,بی کفایت,-1
2663,بی کفایتی,-1
2664,بی گناه,1
2665,بی گناهی,1
2667,بیات,-1
2669,بیاعتمادی,-1
2671,بیانیه,1
2672,بیبهره,-1
2673,بیحال شدن,-1
2678,بیدار کردن,1
2681,بیرون انداختن,-1
2685,بیرون کردن,-1
2687,بیزار,-1
2688,بیزار بودن از,-1
2690,بیزاری,-1
2693,بیش از,1
2697,بیش از حد رشد,-1
2698,بیشتر,1
2700,بیشترین,1
2704,بیطرفی,1
2708,بیم و هراس,-1
2709,بیمار,-1
2710,بیمار کننده,-1
2712,بیماری,-1
2713,بیماری صرع,-1
2714,بیماری فلج اطفال,-1
2715,بیماری هاری,-1
2716,بیماری همه گیر,-1
2718,بیمه کردن,1
2719,بین,-1
2720,بین المللی,1
2723,بینش,1
2728,بیهوده,-1
2729,بیهوده و بیمعنی,-1
2733,بیگانه,-1
2734,بیگانه کردن,-1
2735,بیگانگی,-1
2741,تا کنون,-1
2743,تاب,-1
2750,تابش خیره کننده,-1
2752,تابشی,1
2753,تابع,-1
2762,تابو,-1
2763,تابوت,-1
2765,تاتر,1
2769,تاج گذاری,1
2774,تاخت و تاز,-1
2775,تاخت و تاز کردن,-1
2776,تاخیری,-1
2777,تاخیر,-1
2778,تاخیر به دلیل اجرای,-1
2779,تاخیر ورود,-1
2784,تاریخ‌ساز,1
2785,تاریک,-1
2788,تاری,-1
2791,تاریخچه,1
2793,تاریک,-1
2794,تاریک کردن,-1
2796,تازه,1
2799,تازه نفس,1
2804,تازه‌کار,-1
2807,تازیانه,-1
2811,تاسف‌بار,-1
2821,تامین,1
2824,تاوان,1
2825,تاول,-1
2828,تاویل,1
2835,تاکید,1
2837,تاکید مجدد بر,1
2838,تاکید کردن,1
2839,تایید,1
2840,تایید شده,1
2841,تایید کردن,1
2844,تب آلود,-1
2846,تب خال,-1
2847,تب دار,-1
2848,تب و تاب,1
2849,تبادل,1
2851,تبانی,-1
2852,تباه,-1
2853,تباه کننده,-1
2854,تباهی,-1
2856,تبدیل,1
2857,تبدیل بخاکستر کردن,-1
2861,تبرئه,1
2863,تبریک,1
2865,تبعیدی,-1
2867,تبعید,-1
2868,تبعیض,-1
2869,تبعیض قائل شدن,-1
2873,تبلیغات,-1
2874,تبه کار,-1
2875,تبهکار,-1
2879,تثبیت کردن,1
2885,تجانس,1
2886,تجاوز,-1
2887,تجاوز به عنف,-1
2888,تجاوز کردن,-1
2889,تجاوزگر,-1
2892,تجدید,1
2893,تجدید دیدار,1
2894,تجدید نظر,1
2895,تجدید نظر کردن,1
2903,تجزیه,-1
2905,تجزیه طلب,-1
2906,تجزیه طلبی,-1
2913,تجلی,1
2914,تجلیل,1
2916,تجمل,-1
2918,تجملاتی,1
2919,تجملی,1
2928,تحت تأثیر قرار نمیگیرند,1
2930,تحت تاثیر قرار دادن,1
2931,تحت محاصره,-1
2933,تحت پیگرد قانونی قرار,-1
2937,تحدید,-1
2939,تحریک آمیز,-1
2942,تحریف,-1
2943,تحریم,-1
2944,تحریک,-1
2946,تحریک جنگ کردن,-1
2948,تحریک و تشجیع کردن,1
2949,تحریک پذیر,-1
2950,تحریک کردن,-1
2951,تحسین‌برانگیز,1
2952,تحسین‌شده,1
2953,تحسین,1
2957,تحصیل کرده,1
2960,تحقیرآمیز,-1
2963,تحقیر,-1
2964,تحقیر امیز,-1
2965,تحقیر کردن,-1
2968,تحقیقات,1
2974,تحمل,1
2975,تحمل کردن,1
2976,تحمل‌ناپذیر,-1
2978,تحمیلی,-1
2979,تحمیل,-1
2980,تحمیل کردن,-1
2981,تحول,-1
2984,تحویل,1
2985,تخت,1
2989,تخته سنگ,1
2993,تخریبی,-1
2994,تخریب‌شده,-1
2995,تخریب‌کننده,-1
2996,تخریب,-1
2997,تخس,-1
2998,تخصص,1
3002,تخصیص,-1
3006,تخفیف,1
3007,تخفیف دادن,1
3009,تخلف,-1
3010,تخلیه,-1
3026,تدارکات,1
,تداخل,-1
3029,تداوم,-1
3035,تذکر,-1
3036,تر و تازه,1
3040,تراشه,-1
3053,تراژدی,-1
3054,تراژیک,-1
3060,تربیت‌پذیر,1
3069,ترجیح می‌دهند,1
3073,ترخیص کالا از گمرک,1
3074,ترد,-1
3079,ترس,-1
3080,ترسان,-1
3081,ترساندن,-1
3083,ترسناک,-1
3084,ترسو,-1
3085,ترسیده,-1
3087,ترس‌آلود,-1
3088,ترش,-1
3089,ترشح,-1
3092,ترشی,-1
3093,ترشیده,-1
3094,ترغیب,1
3096,ترقی,1
3098,ترمز ماشین,-1
3103,ترنجبین,1
3104,ترور,-1
3105,تروریستی,-1
3106,تروریستی,-1
3107,تروریسم,-1
3110,ترویج,1
3112,تریاکی,-1
3113,ترک,-1
3114,ترک خورده,-1
3115,ترک خوردگی,-1
3116,ترک کردن,-1
3132,تریاک,-1
3135,تزئین,1
3142,تزلزل ناپذیر,1
3144,تسامح,-1
3148,تسخیر ناپذیر,1
3157,تسلیت,1
3158,تسلیم,-1
3159,تسلیم شدن,-1
3162,تسمه زیر گردن اسب,-1
3164,تسهیل‌کننده,1
3165,تسهیل,1
3169,تسکین,1
3170,تسکین دهنده,1
3176,تشخیص و تعیین مالیات,-1
3179,تشدید,-1
3188,تشنج,-1
3189,تشنجی,-1
3190,تشنج‌آور,-1
3191,تشنه,-1
3194,تشویق‌آمیز,1
3195,تشویق‌شده,1
3196,تشویق,1
3197,تشویق و ترغیب کردن,1
3198,تشویق و تمجید,1
3201,تشکر,1
3204,تشکیل شده,1
3205,تصادف,-1
3207,تصادفی,-1
3210,تصدیق,1
3212,تصدیق کردن,1
3215,تصعید,1
3216,تصفیه,1
3217,تصفیه کردن,1
3218,تصلب شریان,-1
3221,تصنعی,1
3222,تصنیف,1
3223,تصنیف کوچک,1
3225,تصور غلط,-1
3229,تصویب,1
3232,تصویر عیسی بر بالای صلیب,-1
3235,تضاد,-1
3237,تضرع,1
3238,تضعیف,-1
3239,تضعیف روحیه,-1
3241,تضمین,1
3247,تطمیع کردن,1
3248,تطهیر کردن,1
3250,تظاهر,-1
3252,تعادل,1
3253,تعادلی,1
3256,تعالی,1
3260,تعاونی,1
3262,تعبیه کردن,1
3263,تعجب,1
3269,تعدیل کننده,-1
3270,تعرفه,-1
3272,تعریف,1
3275,تعصب,-1
3276,تعطیل,-1
3277,تعفن,-1
3278,تعقلی,1
3279,تعقیب,-1
3280,تعقیب قانونی,-1
3281,تعقیب قانونی کردن,-1
3282,تعقیب کردن,-1
3283,تعلیق,-1
3288,تعمیر کردن,1
3290,تعهد,-1
3294,تعویق,-1
3296,تعیین,1
3308,تغییر رنگ,-1
3314,تف کرد,-1
3315,تفاله,-1
3321,تفرقه‌آمیز,-1
3323,تفریح,1
3324,تفریحانه,1
3325,تفریحی,1
3334,تفننی,1
3335,تفنگ,-1
3337,تفهیم اتهام,-1
3338,تفکر,1
3339,تفکر کردن,1
3341,تفکیک,-1
3342,تقارن,1
3343,تقاضا,-1
3345,تقبیح کردن,-1
3346,تقدس,1
3347,تقدم,1
3350,تقدیس,1
3358,تقطیر,1
3359,تقلا,-1
3360,تقلب,-1
3361,تقلبی,-1
3362,تقلبی,-1
3363,تقلید,-1
3365,تقلید شده,-1
3366,تقلید مسخره امیز کردن,-1
3367,تقلید کردن,1
3368,تقلیل قیمتها,-1
3369,تقلیل یافته,-1
3370,تقوا,1
3373,تقویت,1
3374,تقویت شدن,1
3375,تقویت کردن,1
3379,تلاش,1
3380,تلاش‌گر,1
3381,تلاطم,-1
3382,تلافی,-1
3383,تلافی کردن,-1
3386,تلخه,-1
3387,تلخی,-1
3388,تلخ‌کام,-1
3391,تلفات,-1
3399,تلف‌شده,-1
3401,تلقین,-1
3403,تله,-1
3404,تلو تلو خوردن,-1
3412,تماشایی,1
3418,تمام و کمال,1
3420,تمامیت,1
3430,تمدد اعصاب,1
3431,تمدن,1
3434,تمرکز,1
3435,تمرکز حواس,1
3438,تمسخر,-1
3439,تمسخرشان,-1
3440,تمیز,1
3441,تمیز,1
3443,تمیز کاری,1
3449,تناسلی,1
3450,تناقض,-1
3452,تنبل,-1
3453,تنبلی,-1
3454,تنبیهی,-1
3455,تنبیه,-1
3456,تنبیه کردن,-1
3457,تنبیهی,-1
3459,تند,-1
3462,تند و باروح,1
3463,تند و تلخ,-1
3464,تند و تیز,1
3465,تند و زننده,-1
3466,تندرست,1
3467,تندرو,-1
3468,تندشده,-1
3469,تندکار,1
3470,تنزل,-1
3473,تنظیم کردن,1
3474,تنظیمی,-1
3475,تنفر,-1
3476,تنفر داشتن از,-1
3477,تنفس,1
3483,تنها,-1
3485,تنها و بیکس,-1
3486,تنهایی,-1
3487,تنه‌لش,-1
3489,تنومند,1
3491,تنگ,-1
3492,تنگ نظر,-1
3493,تنگ چشم,-1
3495,تنگدست,-1
3496,تنگه,-1
3499,تن‌پرور,-1
3502,ته قنداق تفنگ,-1
3504,تهاجم,-1
3506,تهدیدآمیز,-1
3508,تهدیدکننده,-1
3509,تهدید,-1
3511,تهمت زدن,-1
3512,تهوع,-1
3513,تهوع اور,-1
3514,تهوع‌آور,-1
3516,تهیدست,-1
3517,تهی,-1
3520,تهیه کردن,1
3525,تواضع,1
3526,توافق,1
3528,توالت,-1
3533,توانا,1
3534,توانایی,1
3535,توانبخشی,1
3536,توانبخشی کردن,1
3540,توبه کردن,1
3541,توبیخ,-1
3542,توجه,1
3545,توجیه,1
3548,توخالی,-1
3550,توده,-1
3558,تورم,-1
3562,توزرد,-1
3568,توس,-1
3570,توسعه,1
3571,توسعه‌نیافته,-1
3572,توسعه‌یافته,1
3581,توصیفی,1
3582,توصیه,1
3584,توضیح,1
3588,توطئه‌چین,-1
3590,توفان,-1
3594,توقف,-1
3595,توقیف‌شده,-1
3596,توقیف,-1
3597,توقیف کردن,-1
3598,تولد,1
3602,توله سگ,1
3606,تولید,1
3609,تولید کننده,1
3612,تومور,-1
3613,تومور سرطانی,-1
3617,توهم,-1
3618,توهم‌آلود,-1
3619,توهم‌زا,-1
3620,توهین آمیز,-1
3621,توهین‌کننده,-1
3622,توهین,-1
3623,توهین به,-1
3624,توهین به مقدسات,-1
3625,توپ,-1
3626,توپ فوتبال,1
3627,توپخانه,-1
3641,تیزبین,1
3644,تپانچه,-1
3650,تک خال,1
3651,تک رنگ,-1
3658,تکامل‌یافته,1
3659,تکان,-1
3662,تکان دهنده,1
3666,تکبر,-1
3673,تکراری,-1
3681,تکمیل,1
3684,تکنولوژی,1
3697,تک‌رنگ‌بین,-1
3712,تیر اهن,1
3715,تیراندازی,-1
3716,تیردان,-1
3717,تیره,-1
3718,تیره روز,-1
3719,تیره و ابر آلود,-1
3721,تیرگی,-1
3723,تیز هوشی,1
3727,تیغ دار,-1
3732,تیپ,-1
3734,ثابت,1
3735,ثابت قدم,1
3740,ثبات,1
3741,ثبات و استحکام,1
3751,ثروت,1
3752,ثروت باد اورده,1
3758,جا,1
3760,جا گذاشتن,-1
3762,جابجا,-1
3763,جابجا کردن,-1
3764,جادار,1
3772,جادوگر,1
3773,جادویی,1
3775,جاذبه,1
3783,جاسوسی,-1
3784,جاعل,-1
3785,جالب,1
3788,جامد,1
3789,جامع,1
3795,جان,-1
3796,جان بخش,1
3797,جان برکف,1
3799,جان سوز,-1
3801,جان فرسا,-1
3803,جان کاه,-1
3805,جان کندن,-1
3806,جان گداز,-1
3807,جانباز,-1
3808,جانبدارانه,-1
3819,جانور,-1
3827,جاه طلبی,1
3828,جاهل,-1
3829,جاودان,1
3830,جاودانه,1
3831,جاوید,1
3832,جاویدان,1
3833,جاویدان,1
3834,جایز,1
3837,جاکش,-1
3838,جاگیر,-1
3840,جای خالی,-1
3841,جای زخم در صورت,-1
3845,جایز الخطا,-1
3846,جایزه,1
3851,جبار,-1
3853,جبران,1
3854,جبران خسارت,1
3855,جبران ناپذیر,-1
3856,جبران کردن,1
3858,جبرانی,1
3865,جدا,-1
3867,جدا شده,-1
3868,جدا نشدنی,1
3869,جدا کردن,-1
3870,جداری,1
3871,جدال,-1
3878,جدلی,-1
3881,جدول نجومی,1
3882,جدول کلمات متقاطع,-1
3885,جدید,1
3888,جدی,1
3889,جدیت,1
3890,جذاب,1
3891,جذابیت,1
3892,جذام,-1
3893,جذب,1
3894,جذب می‌کند,1
3895,جذبه,1
3900,جرب,-1
3902,جرعه,-1
3903,جرقه,1
3905,جرم,-1
3906,جرم خیز,-1
3907,جریان‌ساز,1
3908,جریان,1
3910,جریمه,-1
3921,جزغاله,-1
3924,جزم‌اندیش,-1
3930,جسارت,-1
3931,جست و خیز,-1
3932,جست و خیز کردن,-1
3933,جستجو,1
3936,جسد,-1
3938,جسم شناور,1
3941,جسور,1
3943,جشن تولد,1
3944,جشن عروسی,1
3946,جشنواره,1
3950,جعل,1
3951,جعل اسناد,-1
3952,جعل هویت,-1
3953,جعل هویت کردن,-1
3954,جعلی,-1
3955,جعلی,-1
3960,جفا کردن,-1
3964,جلا,1
3965,جلاد,-1
3966,جلال,1
3967,جلال دادن,1
3972,جلف,-1
3976,جلو گیری,-1
3977,جلوتر بودن از,1
3979,جلوگیری از,-1
3985,جماعت,1
3990,جمع اوری کردن,-1
3991,جمع شدن,-1
3999,جمهوری,-1
4000,جن,-1
4002,جناب کشیش,1
4005,جنایت کار,-1
4007,جنایت,-1
4008,جنایت کار,-1
4009,جنایتکاری,-1
4010,جنایی,-1
4013,جنبنده,-1
4019,جنجال,-1
4020,جنجالی,-1
4022,جنس اوراق و شکسته,-1
4023,جنس بنجل,-1
4025,جنسی,1
4027,جنون,-1
4028,جنون جوانی,-1
4029,جنگ,-1
4031,جنگ زده,-1
4032,جنگ صلیبی,-1
4033,جنگ طلب,-1
4034,جنگجو,1
4040,جنگیری,-1
4041,جنگ‌افروز,-1
4045,جهات,1
4062,جهل,-1
4063,جهنم,-1
4064,جهنمی,-1
4069,جوابگو,1
4070,جوان,1
4071,جوان مرگ,-1
4072,جوانان,1
4073,جوانتر,1
4074,جوانمردی,1
4078,جوانی از سر گرفتن,1
4080,جوان‌مرد,1
4081,جوان‌کننده,1
4082,جواهر,1
4088,جوجه تیغی,-1
4093,جور کننده,1
4099,جوش,-1
4115,جیره‌خوار,-1
4120,جیر جیر,1
4123,جیغ زدن,-1
4124,جیغ کشیدن,-1
4126,جیوه,-1
4133,حادثه جو,-1
4134,حادثه‌دیده,-1
4135,حاذق,1
4139,حاشیه,-1
4144,حاصلخیز,1
4145,حاضر,1
4146,حاضر جواب,1
4157,حالت عادی,1
4159,حال‌به‌هم‌زن,-1
4160,حامل,-1
4162,حامی,1
4163,حامی,1
4173,حبس,-1
4174,حبس بودن,-1
4180,حد,-1
4181,حد فاصل,1
4184,حد وسط,-1
4187,حذف,-1
4188,حذف کردن,-1
4192,حراج,1
4197,حرام,-1
4198,حرام خور,-1
4199,حرام زاده,-1
4200,حرام گوشت,-1
4201,حرامزاده,-1
4205,حرف شکسته و نا مفهوم,-1
4207,حرفه,1
4208,حرفه‌ای,1
4210,حرفی,1
4211,حرمت,1
4214,حریص,-1
4216,حرکت,1
4221,حرکت یا کشش ناگهانی,-1
4223,حریص,-1
4224,حریف,-1
4225,حریق بزرگ,-1
4227,حزب,-1
4229,حزین,-1
4230,حس,1
4231,حس بویایی,-1
4232,حس کنجکاوی,1
4238,حسابی,1
4239,حسابگر,1
4240,حسادت,-1
4241,حساس,-1
4243,حساسیت‌زا,-1
4244,حساسیت,1
4245,حسرت,-1
4246,حسرت‌آلود,-1
4247,حسرت‌بار,-1
4248,حسن نیت,1
4249,حسود,-1
4252,حسی,1
4257,حشیش,-1
4259,حصول,1
4263,حضور,1
4265,حظ کردن,1
4266,حفاری,-1
4267,حفاظت,1
4270,حفاظ‌دار,1
4278,حق التالیف,1
4283,حق بیمه ایام بیکاری,-1
4285,حق ثبت اختراع,1
4289,حق نشناس,-1
4290,حقارت,-1
4292,حقایق,1
4294,حقه باز,-1
4296,حقه‌باز,-1
4297,حقوق,1
4302,حقوقی,1
4304,حقیر,-1
4307,حقیقت,1
4308,حقیقی,1
4314,حلال خور,1
4315,حلال زاده,1
4316,حلال گوشت,1
4319,حلقه,1
4326,حماسه,1
4328,حماقت,-1
4332,حمایتی,1
4333,حمایت,1
4339,حمله,-1
4342,حمله کردن,-1
4343,حمله کننده,-1
4347,حنایی,-1
4351,حواس پرتی,-1
4352,حواس‌پرت,-1
4355,حوزه,-1
4365,حیات‌بخش,1
4368,حیله‌گر,-1
4374,حکم,-1
4375,حکم دادگاه عالی بدادگاه تالی,-1
4377,حکم کردن,-1
4378,حکمت,1
4381,حکومت اشرافی,1
4383,حکومت معدودی از ثروتمندان,-1
4384,حکومت کردن,1
4386,حکیم,1
4387,حیاتی,1
4390,حیرت,1
4391,حیله‌گر,-1
4392,حیله‌گری,-1
4393,حیوان,-1
4394,حیوان صفت,-1
4395,حیوان یا عضو یا الت مکنده,-1
4396,حیوانی,-1
4397,خائن,-1
4403,خار,-1
4409,خارج از نزاکت,-1
4413,خارج کردن,-1
4416,خارجی,-1
4420,خارق العاده,1
4423,خاصیت,1
4425,خاصیت مغناطیسی,1
4428,خاطره‌انگیز,1
4429,خاطی,-1
4434,خالصانه,1
4435,خالق,1
4437,خالی‌بند,-1
4439,خالی از سکنه,-1
4440,خالی کردن,-1
4441,خام,-1
4446,خاموش کردن,-1
4448,خانم,1
4452,خانه داری,1
4455,خانه نشین,-1
4460,خانواده,1
4461,خانواده دار,1
4467,خاک,-1
4474,خاکستر,-1
4484,خبرنگار,1
4485,خبره,1
4486,خبرچین,-1
4487,خبرچین,-1
4489,ختم,-1
4491,ختنه,1
4492,خجالت,-1
4493,خجالت دادن,-1
4495,خجالتی,-1
4497,خجالت‌آور,-1
4498,خجالت‌زده,-1
4499,خجسته,1
4500,خجل,-1
4501,خدا,1
4503,خدا شناس,1
4504,خدا شناسی,-1
4514,خدمتگزار,-1
4516,خر,-1
4518,خر خر کردن,1
4519,خراب,-1
4520,خراب کردن,-1
4522,خرابکار,-1
4523,خرابکاری,-1
4524,خرابی,-1
4525,خراب‌شدنی,-1
4530,خراشیده,-1
4532,خرافاتی,-1
4533,خرافاتی,-1
4534,خرافه پرست,-1
4535,خرافی,-1
4537,خرحمالی,-1
4539,خرد,-1
4541,خرد کردن,-1
4545,خردمند,1
4550,خرده پا,-1
4552,خردگرا,1
4554,خرس خاکستری امریکا,-1
4555,خرم,1
4569,خریدارانه,1
4570,خریدنی,1
4574,خرچنگ قورباغه,-1
4577,خرید,1
4580,خریدن,1
4588,خزیدن,-1
4589,خسارت,-1
4590,خسارت‌دیده,-1
4592,خسته,-1
4594,خسته کننده,-1
4595,خستگی ناپذیر,1
4596,خستگی,-1
4597,خسیس,-1
4603,خشم,-1
4604,خشمگین,-1
4605,خشمگین,-1
4606,خشمگین شدن از,-1
4608,خشم‌آلود,-1
4609,خشم‌ناک,-1
4610,خشن,-1
4612,خشنود,1
4613,خشنود و راضی کردن,1
4614,خشونت,-1
4615,خشونت‌آمیز,-1
4616,خشونت‌پیشه,-1
4617,خشک,-1
4620,خشکه مقدس,-1
4622,خشکی,-1
4624,خصمانه,-1
4628,خصومت,-1
4629,خط,1
4640,خطا,-1
4641,خطا کردن,-1
4642,خطابه,1
4645,خطبه,1
4646,خطر,-1
4647,خطر ناک,-1
4648,خطرآفرین,-1
4649,خطرناک,-1
4650,خطری,-1
4662,خفت‌آور,-1
4663,خفت‌بار,-1
4665,خفقان‌آور,-1
4666,خفه,-1
4667,خفه کردن,-1
4668,خفه کننده,-1
4669,خفگی,-1
4671,خلاصه,1
4675,خلاف,-1
4677,خلاف قاعده,-1
4678,خلافکار,-1
4679,خلاق,1
4680,خلبان,1
4682,خلط,-1
4685,خلف,1
4686,خلفی,1
4694,خلوص,1
4697,خم شدن,1
4700,خمار,-1
4706,خمپاره انداز,1
4707,خمیازه,-1
4712,خمیر,-1
4717,خنثی کردن,-1
4718,خنجر,-1
4720,خندان,1
4722,خنده,1
4725,خنده‌آور,1
4726,خندیدن,1
4727,خنس,-1
4728,خنک,1
4732,خنکی,1
4734,خو,1
4738,خواب آلودگی,-1
4744,خواب‌بر,-1
4745,خوار,-1
4746,خوار شمردن,-1
4749,خواست,1
4750,خواستار,-1
4751,خواستن,-1
4752,خواستگار,1
4754,خوانا,1
4755,خوانایی,1
4756,خواندن,1
4759,خواننده,1
4764,خواهری,1
4765,خواهش,-1
4766,خوب,1
4767,خوبی,1
4769,خود خواه,-1
4770,خود داری,1
4771,خود رای,-1
4773,خود سر,-1
4774,خود نمایی,1
4775,خودآزار,-1
4778,خوداتکا,1
4780,خودباخته,-1
4784,خودخواه,-1
4785,خودخواهی,-1
4786,خودخور,-1
4787,خوددار,1
4790,خودرای,-1
4795,خودساخته,1
4797,خودسر,-1
4799,خودفروخته,-1
4803,خودنمایی,-1
4807,خودپسند,-1
4809,خودکامه,-1
4810,خودکرده,-1
4811,خودکشی,-1
4812,خودکفا,1
4824,خوردگی,-1
4828,خورنده,-1
4829,خوش,1
4830,خوش ‌اخلاق,1
4831,خوش اشتها,1
4832,خوش بخت,1
4833,خوش بر و رو,1
4834,خوش برخورد,1
4835,خوش بنیه,1
4836,خوش بین,1
4837,خوش بین,1
4838,خوش بینی,1
4839,خوش حساب,1
4840,خوش خبر,1
4841,خوش خط,1
4842,خوش خنده,1
4843,خوش خواب,1
4844,خوش خیم,1
4845,خوش خیم,1
4846,خوش دست,1
4847,خوش دوخت,1
4848,خوش ذوق,1
4849,خوش رکاب,1
4850,خوش سلیقه,1
4851,خوش شانس,1
4852,خوش صحبت,1
4853,خوش صدا,1
4854,خوش طبعی,1
4855,خوش طعم,1
4856,خوش عطر,1
4858,خوش فکر,1
4859,خوش قدم,1
4860,خوش قلب,1
4861,خوش قول,1
4863,خوش لباس,1
4864,خوش مزه کردن,1
4865,خوش مشرب,1
4867,خوش نام,1
4869,خوش هضم,1
4870,خوش یمن,1
4871,خوش گذران,-1
4872,خوشایند,1
4874,خوشحال,1
4875,خوشحالی,1
4876,خوشفکری,1
4877,خوشمزه,1
4878,خوشنودی از خود,1
4881,خوشه خوشه,1
4884,خوشگل,1
4885,خوش‌آب‌و‌رنگ,1
4886,خوش‌آب‌و‌هوا,1
4887,خوش‌خوراک,1
4888,خوش‌سابقه,1
4889,خوش‌ساخت,1
4890,خوش‌طعم,1
4891,خوش‌فهم,1
4892,خوش‌نیت,1
4893,خوش‌کام,1
4894,خوش‌گوار,1
4895,خوفناک,-1
4896,خون,-1
4897,خون اشام,-1
4899,خون ریزی,-1
4900,خونخوار,-1
4901,خونسرد,-1
4903,خونین,-1
4904,خونگرم,1
4905,خونین,-1
4907,خون‌ریز,-1
4908,خویشتن دار,1
4911,خوک,-1
4914,خویش و قوم پرستی,-1
4917,خیال باف,-1
4920,خیانت پیشه,-1
4921,خیانت کار,-1
4922,خیر,1
4923,خیراندیش,1
4924,خیرخواه,1
4925,خیرخواهانه,1
4928,خیریه,1
4933,خیابان پر جمعیت,-1
4936,خیال,1
4940,خیانت,-1
4941,خیانت امیز,-1
4942,خیانت کردن,-1
4943,خیانتکار,-1
4944,خیر خواهی,1
4945,خیره,-1
4948,خیرگی,1
4949,خیریه,1
4951,خیزان,-1
4953,خیس خوردن,-1
4962,دائم الخمر,-1
4969,داخلی,1
4970,داد و بیداد,-1
4971,داد و بیداد کن,-1
4977,دادن و گرفتن,1
4980,دادگاه کاتولیکی,1
4982,دادگر,1
4983,دارا,1
4989,دارای قوه ابتکار,1
4990,دارای قوه تصور زیاد,1
4991,دارای قوه قضاوت سلیم,1
4996,دارایی,1
4998,داربست,-1
5009,دارویی,1
5012,داستان,1
5013,داستان عاشقانه,1
5017,داشتن,1
5020,داغ دار,-1
5021,داغان,-1
5022,دافع,-1
5023,دام,-1
5029,دامنگیر,-1
5031,دانا,1
5033,دانسته,1
5034,دانش,1
5041,دانش سطحی,-1
5050,دانشمند,1
5052,دانشنامه,1
5058,دانش‌پرور,1
5064,داوری,1
5065,داوطلب,1
5072,دایره وار حرکت کردن,-1
5076,دبش,1
5079,دبیرخانه,1
5080,دجال,-1
5081,دخالت,-1
5082,دخالت‌جویانه,-1
5083,دختر,1
5084,دختر ترشیده,-1
5086,دختر یا زن,-1
5091,دخمه,-1
5092,دخمه پرپیچ و خم,-1
5100,در اغوش گرفتن,1
5102,در اهتزاز,-1
5103,در اوردن,-1
5105,در اینده نزدیک,-1
5111,در جای اشتباه,-1
5120,در خطر بودن,-1
5121,در خفا انجام دادن,-1
5122,در خور,1
5123,در دسترس,1
5124,در را با شدت بهم زدن,-1
5130,در صورت,-1
5136,در معرض,-1
5137,در معرض خطر,-1
5139,در نظر گرفته شده,1
5140,در نهایت,1
5142,در هم شکسته,-1
5147,درآمدزا,1
5151,دراز کشیدن,1
5160,درجه,1
5166,درجه یک,1
5167,درخت,1
5169,درخت گل حنا,1
5173,درخشان,1
5174,درخشان شدن,1
5175,درخشش,1
5176,درخشنده,1
5177,درخشندگی,1
5180,درخودمانده,-1
5181,درخور,1
5182,درد,-1
5183,درد اعصاب,-1
5184,درد زایمان,-1
5186,دردآمیزی,-1
5187,دردآور,-1
5188,دردزا,-1
5189,دردسرساز,-1
5190,دردمند,-1
5191,دردناک,-1
5192,دردناکی,-1
5199,درس خوان,1
5200,درست,1
5201,درست نفهمیدن,-1
5205,درشت,-1
5209,درفش,1
5210,درمان,1
5211,درمانده,-1
5212,درماندگی,-1
5213,درمانشناسی,1
5220,درنده,-1
5221,درنده خویی,-1
5222,درنگ,-1
5226,درهم,-1
5227,درهم امیختگی,-1
5228,درهم و برهم,-1
5230,درهم و برهم کردن,-1
5231,درهم و برهمی,-1
5232,درهم‌برهم,-1
5237,دروغ,-1
5240,دروغ گفتن,-1
5241,دروغ گویی,-1
5242,دروغین,-1
5243,دروغگو,-1
5244,دروغ‌پرداز,-1
5261,دریادل,1
5265,درک,1
5268,درگذشته,-1
5271,درگیر,-1
5273,دری وری سخن گفتن,-1
5274,دریا,1
5276,دریاسالار,1
5277,دریافت,1
5280,دریای مدیترانه,1
5283,دزد,-1
5284,دزد دریایی,-1
5286,دزدانه,-1
5287,دزدکی حرکت کردن,-1
5289,دزدی,-1
5290,دزدی ادبی,-1
5291,دزدی دریایی,-1
5294,دست انداختن,-1
5298,دست بالا,-1
5300,دست برداشتن از,-1
5301,دست بردن در,-1
5302,دست بند,-1
5305,دست دوم,-1
5307,دست نیافتنی,-1
5308,دست و دل باز,1
5309,دست و پا زدن,1
5310,دست و پا کردن,-1
5312,دست کاری,-1
5316,دسترس,-1
5321,دستمالی,-1
5321,تنوع,1
5324,دسته بندی,1
5329,دسته گل,1
5334,دستور,-1
5335,دستور العمل,1
5341,دستپاچه,-1
5342,دستک,-1
5344,دستکاری کردن,-1
5353,دستگیر‌شده,-1
5355,دستی,1
5357,دست‌آموز,1
5359,دست‌اول,1
5361,دست‌فروش,-1
5362,دست‌نیافتنی,-1
5363,دست‌وپاشکسته,-1
5364,دست‌یافتنی,1
5366,دسیسه‌چین,-1
5368,دشمن,-1
5369,دشمن جامعه,-1
5370,دشمنانه,-1
5371,دشمنی,-1
5374,دشوار,-1
5376,دعاگو,1
5378,دعوایی,-1
5379,دعوت,1
5380,دعوت به جنگ,-1
5381,دعوت کردن,1
5383,دعوی قضایی,-1
5384,دغل‌کار,-1
5386,دفاع,1
5394,دفتر خاطرات روزانه,1
5398,دفتری,1
5399,دفع,-1
5404,دفن,-1
5407,دقت,1
5408,دقیق,1
5410,دقیق,1
5413,دل باخته,1
5414,دل بسته,1
5415,دل تنگ,-1
5416,دل تنگی,-1
5417,دل مرده,-1
5418,دل نازک,1
5420,دل گیر,-1
5427,دلاور,1
5428,دلاوری,1
5430,دلبر,-1
5431,دلبستگی,1
5433,دلتنگ,-1
5434,دلتنگ کننده,-1
5435,دلخراش,-1
5436,دلخواه,1
5437,دلخور,-1
5438,دلخوری,-1
5439,دلخوش,1
5440,دلربا,1
5443,دلسرد کردن,-1
5444,دلسردی,-1
5445,دلسوز,1
5446,دلسوزی,1
5447,دلسوزی کردن بر,-1
5449,دلنشین,1
5450,دلهره,-1
5451,دلهره‌آور,-1
5452,دلواپس,-1
5453,دلیر,1
5454,دلپذیر,1
5455,دلپذیر,1
5457,دلپسند,1
5458,دلچسب,1
5459,دلگرم,1
5460,دلیر,1
5464,دل‌باز,1
5465,دل‌سرد,-1
5466,دل‌نگران,-1
5469,دمار,-1
5472,دمدمی‌مزاج,-1
5474,دمل,-1
5475,دمنده,-1
5478,دموکراسی,1
5488,دنج,1
5490,دندان قروچه کردن,-1
5495,دندانه دار کردن,-1
5499,دندان‌شکن,-1
5501,دندان‌گرد,-1
5502,دندان‌گیر,1
5503,دنده,1
5505,دنیادیده,1
5513,دهاتی,-1
5518,دهشتناک,-1
5522,دهن بین,-1
5532,دو دل,-1
5533,دو دلی,-1
5534,دو رو,-1
5545,دوام,1
5547,دوای زیاد خوردن,-1
5550,دوباره بدست اوردن,1
5552,دوباره به نواز دعوت کردن,1
5555,دوباره سازمان دادن,1
5557,دوباره قوت قلب دادن,1
5559,دوباره پر کردن,1
5565,دوبه‌هم‌زن,-1
5579,دوده,-1
5583,دور,-1
5584,دور از فهم,-1
5590,دورافتاده,-1
5591,دوراندیش,1
5593,دوران‌ساز,1
5604,دوره گردی,-1
5607,دوره‌دیده,1
5608,دوره‌ندیده,-1
5609,دورو,-1
5610,دورویی,-1
5614,دوز و کلک,-1
5615,دوزبانی,1
5616,دوزخ,-1
5623,دوست,1
5624,دوست داشتن,1
5625,دوست داشتنی,1
5626,دوست نداشتن,-1
5627,دوستانه,1
5628,دوستی,1
5629,دوست‌دار,1
5630,دوست‌داشتنی,1
5635,دوش گرفتن,-1
5636,دوشیزه,1
5645,دوقلو,1
5648,دولا دولا راه رفتن,-1
5652,دولت,-1
5653,دولتمند,1
5661,دون,-1
5665,دونفری خواندنی,1
5670,دوک,1
5684,دیدنی,1
5686,دیر,-1
5688,دیرفهم,-1
5689,دیرهنگام,-1
5690,دیرینه,-1
5691,دیرپز,-1
5699,دیوانه,-1
5705,دیکتاتور,-1
5709,دژ,1
5710,دژخیم,-1
5712,دکتر,1
5727,دیر,-1
5728,دیر باور,-1
5731,دیرتر از موقع,-1
5743,دیو,-1
5746,دیوان سالاری,-1
5747,دیوانه,-1
5748,دیوانه وار,-1
5749,دیوانگی,-1
5752,دیپلماتیک,1
5753,دیپلماسی,1
5754,دیکتاتور,-1
5755,دیکتاتوری,-1
5760,ذات الریه,-1
5764,ذبح,-1
5765,ذبح کردن,-1
5767,ذخیره,1
5772,ذره,-1
5777,ذلیل,-1
5785,ذیصلاح,1
5788,ذکر کردن,-1
5794,رئیس,1
5795,رئیس جمهور,1
5797,رئیس,1
5800,را ببخشند,1
5802,را تکذیب کرد,-1
5807,راحت,1
5808,راحت الحلقوم,1
5809,راحت شدن از درد,1
5810,راحتی,1
5811,راحتی,1
5814,رادون,-1
5816,رادیو,1
5817,رادیو اکتیو,-1
5832,راسخ,1
5833,راضی,1
5834,راضی,1
5835,راغب,1
5837,رام نشدنی,-1
5838,رام کردن,-1
5842,رانده‌شده,-1
5848,راه اندازی,1
5849,راه حل,1
5854,راه گریز,1
5855,راه گشا,1
5856,راهب,1
5859,راهبه,-1
5861,راهزن,-1
5863,راهنما,1
5864,راهنمایی,1
5865,راهنمایی کردن,1
5869,رایج,1
5872,راکد,-1
5874,رای مثبت,1
5876,رایحه,1
5881,رباخواری,-1
5884,ربایش,-1
5889,ربودن,-1
5890,ربودهشده,1
5891,ربوده‌شده,-1
5892,رتبه,-1
5895,رحم,1
5896,رحمت,1
5897,رخ,-1
5898,رخ دادن,-1
5900,رخام گچی,1
5901,رخشنده,1
5902,رخنه,-1
5903,رد,-1
5904,رد صلاحیت,-1
5907,رد کردن,-1
5909,ردشده,-1
5910,ردصلاحیت‌شده,-1
5911,ردع,-1
5915,ردیف,-1
5916,رذل,-1
5919,رزمارا,1
5929,رسانایی,1
5930,رساندن,1
5938,رستگار,1
5939,رستگاری,1
5941,رسمی,-1
5944,رسوا,-1
5945,رسوا کردن,-1
5946,رسوایی,-1
5951,رسول,1
5957,رسیدن,1
5959,رسیده,1
5964,رشد,1
5967,رشدیافته,1
5968,رشوه,-1
5969,رشوه خواری,-1
5970,رشید,1
5972,رضایت بخش,1
5974,رضایت بخشی,1
5975,رضایتبخش,-1
5979,رعب‌آور,-1
5980,رعب‌انگیز,-1
5982,رعدآسا,1
5983,رعنا,1
5986,رفاه عمومی,1
5991,رفت و آمد کردن,1
5999,رفیع,1
6000,رفیق,1
6001,رفیق,1
6002,رقابت,-1
6009,رقص,1
6017,رقیق القلب,1
6021,رقیق کردن,-1
6024,رم,-1
6025,رماتیسمی,-1
6036,رنج,-1
6037,رنج می‌برند,-1
6039,رنجور,-1
6040,رند,1
6041,رنده,-1
6042,رنده شده,-1
6043,رنسانس,1
6056,رنگ پریده,-1
6063,رنگ‌و‌رورفته,-1
6064,رها,-1
6068,رهایی,1
6070,رهبر,1
6072,رهبری,1
6077,رو به افزایش,1
6078,رو به مرگ,-1
6079,رو به وخامت گذاشته,-1
6080,روا,1
6085,روال,1
6087,روان شدن,-1
6094,روانکاو,1
6098,روان‌پریش,-1
6099,روان‌گردان,-1
6103,روبان,1
6107,روبنده,-1
6108,روت,1
6109,روح,1
6110,روح بخشیدن,1
6111,روح پلید,-1
6113,روحانی,1
6116,روح‌پرور,1
6122,روده‌دراز,-1
6123,روراست,1
6126,روز تعطیل,1
6127,روز قیامت,-1
6128,روزآمد,1
6132,روزنامه,1
6136,روزه,-1
6137,روزی‌رسان,1
6145,روسیاه,-1
6146,روش,1
6149,روشن بین,1
6150,روشن فکری,1
6151,روشن و تازه کردن,1
6153,روشن کردن,1
6154,روشنایی,1
6156,روشنی‌بخش,1
6159,روش‌مند,1
6163,روغنی,1
6166,روماتیسم,-1
6183,رویایی,1
6188,ریاکار,-1
6189,ریتمیک,1
6203,رکود,-1
6205,رکورددار,1
6206,رکوردشکن,1
6209,رگرسیون,-1
6212,ریاضت,-1
6216,ریاکار,-1
6219,ریختن,-1
6221,ریز ریز کردن,-1
6222,ریزه,-1
6229,ریشه کن کردن,-1
6232,رینگر,-1
6238,زائد,-1
6241,زار,-1
6246,زالو,-1
6250,زانی با محارم,-1
6251,زاهد,1
6266,زایمان,-1
6267,زایمان بچه مرده,-1
6269,زباله,-1
6273,زبان پریش,-1
6274,زبانشناس,1
6283,زبل,1
6284,زبون,-1
6285,زجرآور,-1
6286,زحمت دادن,-1
6288,زحمتکش,-1
6289,زخم,-1
6290,زخم التیام یابد,1
6291,زخم زبان,-1
6292,زخم زبان زدن,-1
6293,زخم زدن,-1
6294,زخمی,-1
6295,زخم‌خورده,-1
6300,زر و زیور,1
6310,زردی,-1
6312,زرنگ,1
6313,زرنگ و دانا,1
6314,زره,1
6321,زشت,-1
6330,زلال,1
6332,زلزله,-1
6333,زلزله‌خیز,-1
6339,زمخت,-1
6352,زمین گیر,-1
6361,زمین,1
6362,زمین بازی,1
6365,زمین لغزه,-1
6366,زمینه,1
6368,زمینهای پست,-1
6370,زن,1
6372,زن خانه دار,1
6373,زن ذلیل,-1
6375,زن صفت,-1
6381,زناکار,-1
6382,زنای با محارم,-1
6390,زندان,-1
6391,زندانی,-1
6392,زندانی,-1
6393,زنده,1
6394,زنده به گور,-1
6397,زنده ماندن,1
6399,زندگی‌بخش,1
6402,زننده,-1
6403,زنگ,-1
6406,زنگ زده,-1
6407,زنگار,-1
6409,زه کشی,-1
6410,زهر,-1
6412,زهرآلود,-1
6413,زهوار در رفته,-1
6420,زودباور,-1
6422,زودرنج,-1
6423,زودفهم,1
6427,زور,-1
6428,زورکی,-1
6429,زورگو,-1
6431,زیاده طلب,-1
6434,زیان آور,-1
6435,زیان بار,-1
6436,زیان بخش,-1
6437,زیان‌دیده,-1
6438,زیبا,1
6439,زیبارو,1
6453,زیرک,1
6459,زگیل,-1
6464,زیان,-1
6465,زیان اور,-1
6466,زیان رسان,-1
6467,زیبا,1
6468,زیبا سازی,1
6469,زیبا کردن,1
6470,زیبایی,1
6471,زیبایی شناسی,1
6479,زیر لب سخن گفتن,-1
6482,زیر و بمی صدا,1
6489,زیرک,1
6496,زیپ,-1
6497,سئوال برانگیز,-1
6498,سائل,-1
6501,سابقه,1
6503,ساحره,-1
6504,ساحل,1
6508,ساخت,-1
6509,ساختار,1
6512,ساختمان,1
6515,ساختن,1
6516,ساخته,-1
6521,ساختگی,-1
6523,ساده,1
6524,ساده دل,-1
6525,ساده لوح,-1
6526,ساده و بی تکلف,-1
6527,ساده کردن,1
6530,ساز و برگ,-1
6535,سازمان,1
6536,سازمان دادن,1
6537,سازمان یافته,1
6540,سازمان‌یافته,1
6541,سازنده,1
6543,سازگار,1
6544,سازگاری,1
6555,ساعی,1
6557,ساقدوش عروس,1
6559,ساقط‌شده,-1
6560,ساقه,-1
6562,ساقی,1
6566,سالار,1
6568,سالب,-1
6569,سالخورده,-1
6570,سالم,1
6572,سالن,-1
6575,سالگرد,1
6577,سامان‌مند,1
6578,سامان‌گرا,1
6579,سامان‌گریز,-1
6581,سامورایی,1
6585,سانحه,-1
6586,سانحه‌دیده,-1
6589,سانسورچی,-1
6596,ساکت,1
6597,ساکت کردن,1
6600,ساکن,1
6604,سایش,-1
6605,ساینده,-1
6607,سایه دار,-1
6616,سبزکور,-1
6624,سبک‌سر,-1
6628,ستارالعیوب,1
6629,ستاره,1
6632,ستاره شناس,1
6636,ستایش,1
6637,ستاینده,1
6638,سترون,-1
6640,ستم کردن,-1
6641,ستمگر,-1
6642,ستم‌دیده,-1
6643,ستم‌گر,-1
6645,ستودن,1
6646,ستوده,1
6648,ستون فقرات,1
6651,ستیزه جو,-1
6656,سحر,-1
6659,سخاوت,1
6660,سخاوت مند,1
6661,سخت,-1
6662,سخت‌گیر,-1
6663,سخت گیر,-1
6664,سختگیری,-1
6665,سخت‌گیرتر,-1
6669,سختگیرانه,-1
6670,سخت گیری,-1
6671,سختی,-1
6675,سخن بی معنی وبیهوده,-1
6676,سخن تند و ناشمرده,-1
6677,سخن زشت,-1
6678,سخن نامفهوم گفتن,-1
6679,سخن چین,-1
6681,سخنرانی,1
6682,سخنور,1
6686,سخیف,-1
6690,سر خوردن,1
6691,سر در گم,-1
6692,سر راست,1
6693,سر رسیده,-1
6694,سر سخت,1
6695,سر و صدا,-1
6697,سر گردان,-1
6698,سرآمد,1
6705,سرافراز,1
6706,سرافکنده,-1
6710,سرانجام,1
6714,سرایت,-1
6716,سرباز,1
6718,سرباز مزدور,-1
6723,سربلند,1
6727,سربه‌زنگاه,1
6729,سربه‌هوا,-1
6734,سرجنبان,1
6735,سرحال,1
6737,سرخ شدن,-1
6742,سرخورده,-1
6743,سرخوردگی,-1
6744,سرخوش,1
6745,سرخک,-1
6748,سرد,-1
6750,سرد و گرم روزگار چشیده,1
6751,سردرد,-1
6752,سردرگم,-1
6754,سردسته,1
6757,سردمدار,1
6759,سردی,-1
6760,سرریز,-1
6761,سرزده,-1
6763,سرزنش,-1
6764,سرزنش کردن,-1
6765,سرزنش‌آمیز,-1
6766,سرسام‌آور,-1
6768,سرسخت,1
6769,سرسری,-1
6770,سرسنگین,-1
6774,سرشناس,1
6775,سرشکسته,-1
6777,سرطان,-1
6778,سرطان خون,-1
6779,سرطانی,-1
6780,سرطان‌زا,-1
6781,سرعت,1
6783,سرفراز,1
6784,سرفصل,1
6785,سرفه,-1
6786,سرقت,-1
6787,سرقتی,-1
6789,سرم,1
6791,سرماخورده,-1
6792,سرمازدگی,-1
6794,سرمایه دار,1
6799,سرمست,1
6802,سرند,-1
6803,سرنوشت,-1
6807,سرنگونی,-1
6808,سرنیزه,-1
6811,سرهنگ,1
6812,سروان,1
6813,سرود,1
6816,سرور,1
6817,سرور و نشاط,1
6818,سروزبان‌دار,1
6819,سروقت,1
6823,سریع,1
6826,سرپرست,1
6832,سرکش,-1
6833,سرکشی,-1
6835,سرکوب کردن,-1
6836,سرکوبی,-1
6837,سرگردان,-1
6839,سرگرم,1
6840,سرگرم کردن,1
6841,سرگرم کننده,1
6842,سرگرمی,1
6843,سرگشته,-1
6844,سرگشتگی,-1
6845,سرگیجه,-1
6847,سریع,1
6851,سزاوار,1
6852,سست,-1
6854,سستی,-1
6855,سست‌عنصر,-1
6856,سطح,1
6858,سطح پهن هرچیزی,-1
6860,سطحی,-1
6863,سعادت,1
6864,سعادت مند,1
6865,سعادتمند,1
6867,سعید,1
6868,سعی و کوشش,1
6878,سفت,-1
6880,سفت و محکم,-1
6882,سفتی,-1
6883,سفر,1
6887,سفسطه,-1
6888,سفسطه آمیز,-1
6889,سفسطه کردن,-1
6890,سفله,-1
6892,سفیدبخت,1
6895,سفید,1
6896,سفید مایل به خاکستری,-1
6898,سفیر,1
6901,سقط جنین,-1
6904,سقوط,-1
6905,سقوط‌کرده,-1
6907,سلاح گرم,-1
6909,سلاست,1
6910,سلام,1
6912,سلب,-1
6913,سلب صلاحیت,-1
6914,سلب صلاحیت کردن از,-1
6915,سلب مالکیت,-1
6918,سلحشور,1
6929,سلطه,-1
6930,سلطه‌جو,-1
6931,سلطه‌طلب,-1
6938,سلیس,1
6940,سلیس,-1
6942,سم,-1
6946,سمت القدم,-1
6947,سمج,-1
6950,سمفونی,1
6954,سمی,-1
6956,سمی,-1
6963,سنت شکن,-1
6966,سنتی,1
6972,سنجیده,1
6979,سنکوپ,-1
6982,سنگ اسمانی بزرگ,1
6983,سنگ دل,-1
6984,سنگ سراطاق,1
6987,سنگ فرش,-1
6997,سنگر و استحکامات,1
6999,سنگسار,-1
7000,سنگلاخ,-1
7005,سنگین,-1
7009,سه,-1
7016,سهام,-1
7019,سهل,1
7020,سهل انگار,-1
7021,سهل‌العبور,1
7022,سهم,1
7030,سهولت,1
7031,سهوی,-1
7036,سوء استفاده,-1
7037,سوء تعبیر,-1
7038,سوء تفاهم,-1
7039,سوء رفتار,-1
7040,سوء ظن,-1
7041,سوء مدیریت,-1
7056,سوال,1
7057,سوال کننده,1
7058,سوال‌پیچ,-1
7061,سوت کارخانه,-1
7066,سوخته,-1
7068,سود,1
7070,سودآور,1
7071,سودا,-1
7072,سودار,-1
7074,سودبخش,1
7075,سودبرده,1
7076,سودجو,-1
7077,سودمند,1
7078,سودمندی,1
7079,سودکرده,1
7089,سوزان,-1
7091,سوزاک,-1
7092,سوزش,-1
7093,سوزش معده,-1
7094,سوزن,1
7097,سوز‌آور,-1
7104,سوسیالیست,-1
7105,سوسیس,-1
7110,سوناتا,1
7111,سونار,1
7112,سوپ,1
7115,سوک وار,-1
7116,سوگند,1
7117,سوگوار,-1
7125,سیاه‌مست,-1
7134,سیستماتیک,1
7135,سیل زده,-1
7136,سیلاب‌زده,-1
7137,سیلی‌خورده,-1
7148,سپاس گزار,1
7149,سپاسگزار,1
7155,سپری,-1
7156,سپیده دم,1
7158,سکته,-1
7159,سکته دار,-1
7162,سکه,1
7166,سکون,1
7169,سگ دورگه,-1
7170,سگ ماده,-1
7172,سگ نگهبان,1
7176,سیاتیک,-1
7177,سیادت,1
7184,سیانید,-1
7185,سیاه,-1
7186,سیاه رو,-1
7187,سیاه زخم,-1
7188,سیاه سرفه,-1
7189,سیاه پوست,-1
7191,سیاهی,-1
7194,سیتومگالوویروس,-1
7199,سیر تکاملی,1
7207,سیل,-1
7219,سیگار,-1
7221,سیگاری,-1
7228,شاخه,1
7231,شاد,1
7232,شاد و خرم,1
7234,شادابی و طراوت,1
7235,شادروان,-1
7236,شادمان,1
7237,شادی‌آور,1
7238,شادی‌بخش,1
7239,شادکام,1
7240,شادی,1
7242,شادی و سرور عمومی,-1
7243,شادی کردن,1
7246,شارژر,1
7248,شاعر,1
7253,شام,1
7254,شامل,1
7256,شانس,1
7257,شانه,1
7258,شانه خالی کردن,-1
7261,شاه بلوط اروپایی,-1
7268,شاهزاده,1
7269,شاهزاده خانم,1
7271,شاهوار,1
7272,شاهکار,1
7276,شایسته,1
7277,شایع,1
7278,شایعه‌ساز,-1
7279,شاکر,1
7281,شاکی,-1
7285,شایان ستایش,1
7287,شایسته,1
7288,شایستگی,1
7290,شایعات بی اساس,-1
7291,شایعه,-1
7298,شبانی,1
7300,شبح,-1
7301,شبح مانند,-1
7308,شبه جرم,-1
7313,شبکه,1
7320,شتاب زده,-1
7325,شتر‌گاو‌پلنگ,-1
7326,شته,-1
7327,شجاع,1
7328,شجاعت,1
7329,شجره نامه,1
7330,شخص,1
7331,شخص غایب,-1
7333,شخص غیر قابل توصیف,1
7341,شخصیکه در استعمال کلمات صحیح و سواس دارد,1
7348,شدیداللحن,-1
7349,شدید,-1
7351,شراب سیب,1
7355,شرارت,-1
7356,شرارت‌بار,-1
7363,شرجی,1
7367,شرخر,-1
7381,شرم,-1
7382,شرم آور,-1
7383,شرمسار,-1
7384,شرمنده,-1
7386,شرم‌آلود,-1
7387,شرور,-1
7392,شریف,1
7395,شرکت,1
7400,شرکت کننده,1
7404,شریر,-1
7405,شریک,1
7406,شریک شدن,1
7411,شسته,1
7412,شسته‌نشده,-1
7432,شعف‌انگیز,1
7434,شعله ور,-1
7435,شغل,1
7437,شفا,1
7438,شفابخش,1
7446,شفقت,1
7449,شقاق,-1
7451,شقی,-1
7452,شل,-1
7453,شل و ول,-1
7454,شلاق,-1
7455,شلاق زدن,-1
7458,شلخته,-1
7464,شلوار گشاد,-1
7469,شمار,1
7490,شمرده سخن گفتن,1
7497,شمشیر,-1
7498,شمع,-1
7504,شن,1
7506,شنا,1
7508,شناخته,1
7511,شناختی,1
7513,شناسنامه‌دار,1
7516,شندرپندر,-1
7520,شنوایی,-1
7527,شنیع,-1
7530,شهادت,-1
7532,شهامت,1
7533,شهد,1
7536,شهرآشوب,-1
7537,شهرت,1
7538,شهردار,1
7543,شهروند,1
7547,شهری,1
7549,شهوانی,-1
7550,شهوت,-1
7558,شهیر,1
7559,شهید,-1
7560,شوالیه,1
7561,شوخ,1
7565,شوخی,-1
7566,شوخی کردن,1
7567,شوخ‌طبع,1
7568,شور,1
7569,شورا,1
7572,شورانگیز,1
7574,شورای کلیسایی,1
7576,شورش,-1
7577,شورشی,-1
7578,شورشی,-1
7579,شوره سر,-1
7580,شوریده,-1
7583,شوق و شعف,1
7584,شوق‌زده,1
7585,شوم,-1
7587,شوهر زن زانیه,-1
7588,شوینده,1
7594,شیدا,1
7601,شیرین‌کام,1
7602,شیرپاک خورده,1
7608,شیطان,-1
7611,شیطنت‌آلود,-1
7612,شیطنت‌آمیز,-1
7615,شیفته,1
7620,شیوا,1
7621,شیک,1
7622,شپش,-1
7623,شک,-1
7624,شکار,-1
7625,شکار غیر قانونی,-1
7628,شکارچی,-1
7629,شکارگاه,1
7630,شکاری,-1
7631,شکاف,-1
7634,شکایت‌آمیز,-1
7636,شکایت,-1
7637,شکر گزاری,1
7638,شکر‌گزار,1
7639,شکست,-1
7640,شکست خورده,-1
7642,شکست مفتضحانه,-1
7644,شکستن,-1
7647,شکسته,-1
7648,شکستگی,-1
7649,شکست‌ناپذیر,1
7651,شکفته,1
7652,شکل,1
7653,شکل عجیب و غریب,-1
7656,شکلات,1
7662,شکم باره,-1
7664,شکم پرستی,-1
7665,شکمو,-1
7669,شکم‌چران,-1
7670,شکنجه,-1
7671,شکنجه‌گر,-1
7672,شکننده,-1
7673,شکوفه,1
7674,شکوه,1
7675,شکوه مند,1
7676,شکوه و جلال,1
7677,شکیبا,1
7678,شکیبایی,1
7679,شگرف,1
7681,شگفت آور,1
7683,شگفت انگیز,1
7690,شیدایی,-1
7691,شیر,1
7695,شیرزن,1
7696,شیره,-1
7698,شیرین,1
7699,شیرین و مطلوب,-1
7703,شیرینی,1
7707,شیطان,-1
7708,شیطانی,-1
7712,شیمی دان,1
7718,شیک پوش,-1
7719,صابر,1
7724,صاحب انحصار,-1
7731,صاحب‌نظر,1
7736,صادق,1
7737,صادقانه,1
7740,صافی,1
7743,صالح,1
7746,صبحانه,1
7750,صبر,1
7751,صبر کنید,-1
7752,صبور,1
7756,صحت,1
7761,صحیح,1
7767,صدا دار,1
7769,صداقت,1
7770,صدای اردک,-1
7774,صدای بلند یا محکم,-1
7778,صدای خرد کردن یا خرد شدن چیزی زیر دندان یا زیر چرخ و غیره,-1
7779,صدای خش خش,-1
7781,صدای ضربه ناقوس,-1
7787,صدای ناهنجار و خشن,-1
7796,صدف,-1
7798,صدقه,1
7799,صدمه,-1
7800,صدمه زدن به,-1
7801,صدمه‌دیده,-1
7802,صدمه‌ندیده,1
7804,صد‌تا‌یه‌غاز,-1
7805,صراحت,1
7809,صرعی,-1
7810,صرف,-1
7813,صرفنظر کردن از,-1
7814,صرفه جو,-1
7815,صرفه جویی,1
7816,صریح,1
7818,صعب العبور,-1
7819,صعب‌الحصول,-1
7820,صعب‌العبور,-1
7821,صعب‌العلاج,-1
7822,صعب‌الوصول,-1
7823,صعود,1
7825,صف,1
7832,صفرا,-1
7835,صفرکیلومتر,-1
7837,صلاحیت,1
7839,صلح,1
7840,صلح آمیز,1
7841,صلح آمیز,1
7842,صلح جو,1
7843,صلح دوست,1
7844,صلح‌باور,1
7845,صلح‌طلب,1
7848,صلیب,-1
7849,صلیب شکسته المان نازی,-1
7851,صلیبی,-1
7854,صمیمانه,1
7856,صمیمی,1
7858,صمیمیت و همدلی,1
7866,صنعت‌گر,1
7870,صنوبر,1
7873,صواب,1
7885,صومعه,1
7888,صیقلی,1
7889,صید,-1
7891,ضامن,1
7892,ضایع,-1
7893,ضایعات,-1
7895,ضبط شده,-1
7896,ضبط کردن,-1
7897,ضبط کننده,1
7898,ضجه و زاری کردن,-1
7902,ضد,-1
7905,ضد زنگ,1
7906,ضد عفونی,1
7907,ضد عفونی,1
7909,ضد قارچ,1
7910,ضد و نقیض,-1
7913,ضد یا مانع گلوله,1
7914,ضدآب,1
7915,ضدآتش,1
7916,ضدآسم,1
7920,ضدارزش,-1
7921,ضدافسردگی,1
7923,ضدانفجار,1
7929,ضدتشنج,1
7931,ضدحریق,1
7934,ضددرد,1
7935,ضددولتی,-1
7936,ضدزخم,1
7937,ضدزلزله,1
7938,ضدسرطان,1
7942,ضدضربه,1
7943,ضدعفونی کننده,1
7944,ضدملی,-1
7945,ضدمیگرن,1
7947,ضدنفخ,1
7948,ضدنفر,-1
7949,ضدونقیض,-1
7955,ضرب المثلی,1
7956,ضرب و شتم,-1
7957,ضربان,-1
7958,ضربت,-1
7961,ضربت سخت زدن,-1
7964,ضربه,-1
7968,ضرب‌دیده,-1
7969,ضرر,-1
7970,ضرردیده,-1
7973,ضروری,1
7975,ضعف,-1
7976,ضعیف,-1
7977,ضعیف‌النفس,-1
7978,ضعیف,-1
7979,ضعیف النفس,-1
7980,ضعیف و ناتوان,-1
7981,ضمانت,1
7987,ضیافت,1
7989,طاعون,-1
7991,طاقت فرسا,-1
7997,طاووس,1
8004,طبقه,-1
8006,طبقه بندی کردن,1
8015,طبیب قانونی,-1
8019,طراح,1
8022,طراوت,1
8023,طرب,1
8024,طرح,-1
8025,طرح دعوی در دادگاه,-1
8027,طرد کردن,-1
8031,طرز حیرت انگیزی,1
8033,طرز ناراحت,-1
8036,طرف دعوی,-1
8037,طرفدار,-1
8039,طرفداری,1
8042,طعمه,-1
8044,طعم‌دار,1
8046,طعنه,-1
8047,طعنه امیز,-1
8048,طعنه‌آمیز,-1
8051,طفره,-1
8052,طفره رفتن,-1
8053,طفیلی,-1
8054,طلا,1
8055,طلاق,-1
8063,طلسم,1
8064,طلسم کردن,1
8067,طلیعه چیزی بودن,1
8068,طمع,-1
8069,طمع به چیزی داشتن,-1
8070,طمع کار,-1
8074,طناز,1
8076,طنزآلود,1
8077,طنزآمیز,1
8081,طهارت,1
8083,طوطی وار,-1
8084,طوطی,-1
8085,طوفان,-1
8088,طوفانی,-1
8090,طول عمر,1
8093,طولانی کردن,-1
8101,طیفی,-1
8102,ظالم,-1
8103,ظالمانه,-1
8105,ظاهرا,-1
8106,ظاهرالصلاح,1
8108,ظاهرفریب,-1
8112,ظاهری,1
8113,ظرافت,1
8118,ظریف,1
8119,ظلم,-1
8122,ظهور,1
8124,عابد,1
8125,عابر پیاده,-1
8127,عاجز,-1
8131,عادل,1
8132,عادلانه,1
8143,عاشق,1
8144,عاشقانه,1
8145,عاشق‌پیشه,1
8148,عاصی,-1
8151,عاطل,-1
8152,عاطل و باطل,-1
8153,عافیت طلب,1
8155,عاقبت به خیر,1
8156,عاقبت‌اندیش,1
8157,عاقل,1
8158,عاقلانه,1
8160,عالم,1
8164,عالی,1
8165,عالی رتبه,1
8166,عالی مقام,1
8167,عالی‌قدر,1
8168,عالی,1
8170,عام المنفعه,1
8175,عامی,-1
8180,عبادت,1
8182,عبث,-1
8183,عبرت,1
8188,عبوس,-1
8189,عتاب‌آمیز,-1
8191,عتیقه,1
8193,عجز,-1
8194,عجز از پرداخت دیون,-1
8197,عجوزه,-1
8200,عجیب الخلقه,-1
8202,عجیب و جالب,1
8203,عجیب و غریب,-1
8204,عدالت,1
8205,عدالت‌خواه,1
8206,عدالت‌پذیر,1
8207,عدالت‌پرور,1
8208,عدالت‌گستر,1
8209,عداوت,-1
8217,عدل,-1
8218,عدل‌گستر,1
8219,عدم,-1
8220,عدم اعسار,1
8223,عدم تحمل,-1
8226,عدم صلاحیت,-1
8227,عدم فعالیت,-1
8228,عدم مطابقت,-1
8229,عدوانی,-1
8231,عذاب,-1
8232,عذاب آور,-1
8233,عذر خواهی کردن,1
8234,عذرخواهی,1
8255,عرق‌سوز,-1
8256,عروس,1
8268,عزادار,-1
8269,عزاداری,-1
8272,عزت,1
8273,عزلت‌نشین,-1
8274,عزیزدردانه,1
8275,عزیز,1
8276,عزیمت,-1
8277,عسل,1
8280,عشق,1
8281,عشق خوش فرجام,-1
8282,عشق ورزیدن,1
8283,عشقبازی,1
8285,عشوه‌گر,1
8287,عصا قورت داده,-1
8290,عصب,1
8292,عصبانی,-1
8293,عصبانی کردن,-1
8296,عصبی,-1
8297,عصبی,-1
8299,عصیانگر,-1
8300,عضلات عقب ران,-1
8302,عضلانی,1
8311,عضوی,1
8312,عطا,1
8316,عطر,1
8318,عطرآگین,1
8320,عطسه,-1
8326,عظما,1
8327,عظمت,1
8329,عظیم,1
8330,عظیم الجثه,1
8331,عفت,1
8332,عفن,-1
8333,عفو عمومی,1
8335,عفونت,-1
8336,عفونی,-1
8337,عفونی,-1
8338,عفونی کردن,-1
8339,عفیف,1
8342,عقب,-1
8343,عقب افتادگی,-1
8345,عقب مانده,-1
8349,عقب‌افتاده,-1
8350,عقب‌مانده,-1
8351,عقد,1
8354,عقرب,-1
8355,عقل,1
8357,عقلانی,1
8361,عقل‌گرا,1
8363,عقیم,-1
8364,عقیده,-1
8366,عقیم,-1
8367,عقیمی,-1
8369,علاج ناپذیر,-1
8370,علاج پذیر,1
8371,علاف,-1
8372,علاقمند,1
8373,علاقه,1
8374,علاقه شدید به چیزی,1
8375,علاقه مند,1
8376,علاقهمند,1
8377,علام,1
8378,علامت,-1
8382,علف‌های هرز,-1
8397,علمی,1
8398,علم‌پرور,1
8400,علنی,1
8401,علوفه,-1
8405,علی السویه,-1
8406,علیل,-1
8418,عمده,1
8423,عمری,1
8424,عمق,1
8426,عمل,1
8428,عمل سوء,-1
8429,عمل شنیع,-1
8438,عمه,1
8452,عنق,-1
8453,عنقا,1
8454,عنوان,1
8457,عهد,1
8459,عهد‌شکن,-1
8460,عوارض,-1
8463,عواقب بعدی,-1
8466,عوام‌فریب,-1
8467,عود,-1
8468,عوض کردن,1
8469,عیاش,-1
8471,عیب‌جو,-1
8472,عیب‌ناک,-1
8474,عیب‌پوش,1
8482,عکس,-1
8487,عیاش,1
8489,عیب,-1
8498,غارت,-1
8499,غارت‌گر,-1
8505,غاصب,-1
8506,غافل,-1
8514,غایب,-1
8516,غدار,-1
8523,غذایی,1
8525,غرامت,1
8526,غرامت دادن,1
8536,غرض‌آلود,-1
8537,غرغر کردن,-1
8539,غرق,-1
8541,غرق شدن,-1
8542,غرق کشتی,-1
8544,غروب,1
8546,غرور,-1
8547,غرورآفرین,1
8549,غریب نواز,1
8550,غریبه,-1
8551,غریب‌گز,-1
8553,غریب و عجیب,-1
8555,غریزی,1
8557,غزل,1
8559,غسل تعمید,1
8560,غش,-1
8563,غصب کردن,-1
8564,غصبی,-1
8565,غضب,-1
8566,غضب‌ناک,-1
8569,غفلت,-1
8570,غفور,1
8578,غلط,-1
8579,غلط انداز,-1
8583,غلغلک,1
8586,غم,-1
8587,غم افزا,-1
8588,غم انگیز,-1
8589,غم انگیز,-1
8590,غم و اندوه,-1
8591,غم وغصه,-1
8592,غمگین,-1
8593,غمگین,-1
8594,غمگینی,-1
8595,غم‌آلود,-1
8596,غم‌ناک,-1
8597,غنا,1
8601,غنی,1
8602,غنی‌شده,1
8603,غنی کردن,1
8606,غوطه,-1
8609,غوغا,-1
8610,غول,-1
8611,غول پیکر,1
8614,غیر قانونی,-1
8618,غیرآلوده,1
8621,غیرآگاهانه,-1
8625,غیراخلاقی,-1
8626,غیرادبی,-1
8628,غیرارزشی,-1
8630,غیراستاندارد,-1
8632,غیراصلاحی,-1
8634,غیراصولی,-1
8638,غیراقتباسی,1
8639,غیراقتصادی,-1
8652,غیربهداشتی,-1
8667,غیرحرفه‌ای,-1
8672,غیرحلال,-1
8677,غیرخودی,-1
8685,غیررئالیستی,-1
8695,غیرسالم,-1
8697,غیرسمی,1
8702,غیرشرعی,-1
8703,غیرشغلی,-1
8704,غیرشفاف,-1
8706,غیرصادقانه,-1
8707,غیرصحیح,-1
8709,غیرضروری,-1
8710,غیرطبیعی,-1
8711,غیرعادی,-1
8712,غیرعاقلانه,-1
8715,غیرعقلانی,-1
8720,غیرعملی,-1
8721,غیرعملیاتی,-1
8725,غیرفرهنگی,-1
8728,غیرقابل اعتماد,-1
8733,غیرقابل‌تحمل,-1
8736,غیرقابل‌درمان,-1
8738,غیرقابل‌شرب,-1
8739,غیرقابل‌قبول,-1
8741,غیرقابل‌مصرف,-1
8742,غیرقابل‌مهار,-1
8743,غیرقابل‌پذیرش,-1
8745,غیرقابل‌کنترل,-1
8746,غیرقانونی,-1
8748,غیرمؤثر,-1
8751,غیرمبتلا,1
8752,غیرمتخصص,-1
8753,غیرمتداول,-1
8755,غیرمتعارف,-1
8759,غیرمجاز,-1
8760,غیرمحتمل,-1
8761,غیرمحصور,-1
8762,غیرمحقق,-1
8765,غیرمربوطه,-1
8766,غیرمرتبط,-1
8767,غیرمردمی,-1
8769,غیرمسالمت آمیز,-1
8771,غیرمستدل,-1
8773,غیرمستند,-1
8775,غیرمشخص,-1
8777,غیرمشروع,-1
8778,غیرمعتبر,-1
8779,غیرمعقول,-1
8780,غیرمعمول,-1
8781,غیرمعمولی,-1
8783,غیرمفید,-1
8784,غیرمقاوم,-1
8785,غیرملموس,-1
8787,غیرممکن,-1
8789,غیرمنسجم,-1
8790,غیرمنطبق,-1
8791,غیرمنطقی,-1
8792,غیرمنعطف,-1
8794,غیرمهم,-1
8795,غیرموثق,-1
8796,غیرموجه,-1
8809,غیروابسته,1
8814,غیرکارآمد,-1
8819,غیور,1
8820,غیبت,-1
8822,غیبی,-1
8823,غیر ارادی,-1
8824,غیر انسانی,-1
8825,غیر دوستانه,-1
8826,غیر رسمی,-1
8830,غیر طبیعی,-1
8831,غیر عادلانه,-1
8832,غیر عادی,-1
8833,غیر عاقلانه,-1
8835,غیر عملی,-1
8836,غیر فعال,-1
8838,غیر قابل اجرا,-1
8840,غیر قابل تحمل,-1
8842,غیر قابل تطبیق,-1
8844,غیر قابل تقلیل,1
8845,غیر قابل توضیح,-1
8846,غیر قابل دسترس,-1
8848,غیر قابل شنیدن,-1
8849,غیر قابل عبور,-1
8850,غیر قابل فسخ,-1
8853,غیر قابل نفوذ,1
8854,غیر قانونی,-1
8860,غیر مستقیم,-1
8864,غیر مشروع,-1
8865,غیر ممکن,-1
8868,غیر منصفانه,-1
8869,غیر منطقی,-1
8874,غیرت,1
8876,غیرقابل دفاع,-1
8877,غیرقابل فکر,-1
8878,غیرقابل پیش بینی,-1
8880,فئودالیسم,-1
8881,فابریک,1
8884,فاجعه,-1
8885,فاجعه‌آمیز,-1
8886,فاجعه‌بار,-1
8887,فاحش,-1
8888,فاحشه,-1
8889,فاحشه خانه,-1
8890,فاحشگی,-1
8892,فاخر,1
8902,فاسد,-1
8903,فاسد شدن,-1
8904,فاسد شده,-1
8905,فاسق,-1
8913,فاصله میان دو پرده,1
8915,فاضل,1
8916,فاضلاب,-1
8918,فاقد,-1
8920,فاقد وصیت نامه,-1
8921,فال,-1
8926,فانتزی,1
8930,فانوس دریایی,1
8931,فانی,-1
8932,فانی,-1
8936,فتح و غلبه کردن,-1
8937,فتق,-1
8938,فتنه,-1
8939,فتنه انگیز,-1
8940,فتنه انگیزی,-1
8941,فتنه‌جو,-1
8942,فتنه‌گر,-1
8945,فجیع,-1
8946,فحاش,-1
8948,فخیم,1
8949,فدایی,1
8950,فداکار,1
8956,فدیه,-1
8965,فراخور,1
8966,فرادست,1
8967,فرار,-1
8968,فرار کن,-1
8969,فراری,-1
8970,فراری,-1
8972,فراست,1
8975,فراطبیعی,-1
8976,فراغت,1
8977,فراغت از تحصیل,1
8979,فراقانونی,-1
8982,فراموش,-1
8983,فراموش کار,-1
8984,فراموش کردن,-1
8986,فراموشی,-1
8988,فراموش‌نشدنی,1
8990,فراهم,1
8991,فراوان,1
8993,فراوانی,1
8997,فرح‌بخش,1
8998,فرخنده,1
9004,فردیت,1
9005,فرز,1
9006,فرزانه,1
9008,فرسایشی,-1
9009,فرسایش,-1
9013,فرسوده,-1
9017,فرشته,1
9020,فرصت,1
9021,فرصت طلب,-1
9033,فرق,1
9034,فرقه,-1
9036,فرقهای,-1
9043,فرمانده,1
9047,فرمول,1
9055,فرهمند,1
9056,فرهنگ,1
9061,فرهنگستان,1
9063,فرهنگ‌دوست,1
9064,فرهیخته,1
9065,فرو بردن,1
9067,فرو نشاندن,-1
9068,فروتن,1
9069,فروتنی,1
9074,فرودست,-1
9085,فروشگاه,1
9088,فروغ,-1
9089,فرومانده,-1
9090,فرومایه,-1
9091,فرومایه,-1
9095,فروگذار,-1
9096,فریادرس,1
9097,فریبا,1
9098,فریبنده,-1
9099,فریب‌آمیز,-1
9100,فریب‌خورده,-1
9101,فریب‌کار,-1
9103,فریفته,1
9106,فریاد,-1
9107,فریاد زدن,-1
9108,فریب,-1
9109,فریب دادن,-1
9110,فریبا,-1
9111,فریبنده,1
9114,فزونی,1
9115,فساد,-1
9116,فسادپذیر,-1
9118,فسخ,-1
9121,فسق,-1
9124,فشار,-1
9128,فشارزا,-1
9137,فصاحت,1
9141,فصیح,1
9143,فضاحت‌آمیز,-1
9144,فضانورد,1
9148,فضل‌فروش,-1
9149,فضول,-1
9150,فضولی کردن,-1
9151,فطرت,1
9153,فعال,1
9158,فقر,-1
9161,فقید,-1
9162,فقیر,-1
9163,فقیرانه,-1
9164,فقیرنشین,-1
9169,فلاکت بار,-1
9170,فلج,-1
9171,فلج کردن,-1
9176,فلس مانند,-1
9191,فلک‌زده,-1
9193,فنا ناپذیر,1
9203,فهم,1
9204,فهمیده,1
9205,فهمیدن,1
9207,فهیم,1
9209,فوت و فن,-1
9213,فوتی و فوری,1
9215,فوران,-1
9216,فوران چاه نفت,-1
9220,فوری,-1
9222,فوق,1
9223,فوق العاده,1
9224,فوق العاده خطرناک,-1
9250,فیلسوف,1
9256,فیکس,1
9258,فکاهی,1
9259,فکاهی,1
9264,فکری,1
9265,فکسنی,-1
9268,فیروز,1
9269,فیزیولوژی,1
9270,فیزیک,1
9274,فیلسوف,1
9280,فیوز,1
9283,قائم مقام,1
9284,قابض,-1
9285,قابل,1
9288,قابل استناد,1
9291,قابل اطمینان,1
9292,قابل اعتماد,1
9296,قابل تاسف,-1
9298,قابل تحریک,1
9299,قابل تحسین,1
9300,قابل تشخیص,1
9301,قابل تعقیب قانونی,-1
9306,قابل توجه,1
9308,قابل توجیه,1
9309,قابل توصیه,1
9310,قابل جرح و تعدیل,1
9311,قابل حصول,1
9312,قابل حمل,1
9316,قابل ستایش,1
9317,قابل شرب,1
9318,قابل شرح یا اثبات,1
9321,قابل عرضه در بازار,1
9324,قابل قبول,1
9328,قابل ملاحظه,1
9330,قابل کشتیرانی,1
9334,قابلیت,1
9336,قابلیت اطمینان,1
9340,قابل‌اعمال,1
9347,قابل‌شرب,1
9351,قاتل,-1
9352,قادر ساختن,1
9353,قادر مطلق,1
9354,قاراشمیش,-1
9360,قارچ,-1
9364,قاصر,-1
9367,قاطر,-1
9370,قاطعانه,1
9372,قاعده‌مند,1
9373,قاعدگی زنان,1
9379,قالپاق‌دزد,-1
9381,قانع,1
9384,قانون شکن,-1
9385,قانون مند,1
9387,قانون گرا,1
9388,قانون گریز,-1
9390,قانونی,1
9391,قانونی,1
9394,قانون‌شکن,-1
9397,قاپیدن,-1
9398,قاچاق,-1
9399,قاچاق کردن,-1
9400,قاچاقچی,-1
9408,قبر,-1
9409,قبراق,1
9410,قبرستان,-1
9417,قبلا اگاه,1
9421,قبول,1
9425,قتل,-1
9426,قتل عام,-1
9427,قتل نفس,-1
9428,قتلگاه,-1
9430,قحطی‌زده,-1
9431,قحطی,-1
9436,قدبلند,1
9438,قدرت,1
9439,قدرت دادن,1
9442,قدرت نفوذ,1
9443,قدرتمند,1
9444,قدردان,1
9445,قدردانی,1
9446,قدرشناس,1
9447,قدرنشناس,-1
9451,قدم زنی با تبختر,-1
9454,قدیمی,-1
9456,قدکوتاه,-1
9457,قدیمی,-1
9461,قرائت,1
9462,قرار,-1
9470,قرارداد,1
9472,قراضه,-1
9474,قربانی,-1
9475,قرتی,-1
9476,قرص,1
9477,قرص نان,-1
9480,قرض کننده,-1
9495,قروچه,1
9502,قریب به اتفاق,1
9505,قساوت,-1
9509,قسم‌خورده,1
9510,قسی القلب,-1
9514,قشنگ,1
9515,قصاب,-1
9516,قصاصی,-1
9525,قضاگردان,1
9526,قضایی,1
9541,قطع,-1
9542,قطع عضو,-1
9544,قطع کردن,-1
9552,قطعی,1
9555,قفس,-1
9565,قلاب شده,-1
9566,قلابی,-1
9568,قلبمه‌گو,-1
9570,قلبی,1
9571,قلت,-1
9572,قلدر,-1
9574,قلع و قمع,-1
9583,قلمبه,-1
9593,قلوه سنگ,-1
9596,قمار,-1
9597,قمار باز,-1
9603,قناری,1
9605,قناعت پیشه,1
9606,قند,1
9608,قندی,1
9609,قهر کردن,-1
9610,قهرمان,1
9612,قهرمانانه,1
9614,قهرمانی,1
9615,قهری,-1
9616,قهر‌آلود,-1
9617,قهقرایی,-1
9628,قوز,-1
9629,قوزکن,-1
9633,قولنج,-1
9636,قوم و خویشی,1
9639,قوی,1
9640,قوی‌النفس,1
9642,قوی,1
9643,قویا,1
9644,قیامت,-1
9652,قیام,-1
9656,قیری,-1
9660,قیمومیت,1
9664,کوکائین,-1
9667,لاابالی,-1
9670,لات,-1
9681,لاشه,-1
9683,لاشی,-1
9685,لاعلاج,-1
9686,لاغر,-1
9687,لاغر اندام,1
9689,لاغری,-1
9690,لاف زدن,-1
9691,لاقید,-1
9696,لامروت,-1
9699,لانه خرگوش و غیره,-1
9701,لانه کردن,1
9707,لایق,1
9716,لاکردار,-1
9721,لایتجزا,1
9724,لایی,1
9736,لبخند,1
9738,لبریز,1
9743,لبه,-1
9744,لبه تیز شمشیر,1
9752,لب‌شکری,-1
9755,لب‌پر,-1
9756,لب‌پریده,-1
9760,لجن,-1
9761,لجن زار,-1
9764,لجنی,-1
9765,لجن‌آلود,-1
9767,لجوج,-1
9768,لج‌باز,-1
9778,لخته شده,-1
9779,لذت,1
9780,لذت بخش,1
9781,لذت بردن,1
9782,لذت بردن از درد,-1
9783,لذت ثانوی,-1
9784,لذیذ,1
9785,لذیذ,1
9786,لرز,-1
9787,لرزان,-1
9788,لرزش,-1
9791,لرزه‌خیز,-1
9792,لرزیدن,-1
9793,لزبین,-1
9794,لزج,-1
9797,لش,-1
9800,لطف,1
9801,لطمه,-1
9802,لطیف,1
9807,لعل,1
9808,لعن,-1
9809,لعنت,-1
9810,لعنت و تکفیر,-1
9811,لعنتی,-1
9812,لعنتی,-1
9816,لغزش,-1
9819,لغو,-1
9820,لغو کردن,-1
9823,لفظ قلم,1
9825,لق,-1
9827,لقمه,-1
9828,لق‌لقو,-1
9830,لم یزرع,-1
9834,لمپن,-1
9842,لنگ,-1
9843,لنگر,1
9844,لنگر انداخت,-1
9845,لنگر گاه,1
9847,لنگی,-1
9850,له کردن,-1
9853,لهستانی,1
9854,لو لو,-1
9855,لوازم,-1
9860,لوازم نصب کردنی,1
9862,لوده,-1
9866,لوس,-1
9868,لوطی,1
9870,لول,-1
9875,لوله کشی کردن,1
9877,لوند,1
9880,لوکس,1
9882,لیبرال,1
9887,لیدر,1
9900,لکنت زبان پیدا کردن,-1
9901,لکنته,-1
9902,لکه,-1
9903,لکه دار کردن,-1
9905,لکه ننگ,-1
9909,لگد پرانی,-1
9910,لگدمال,-1
9911,لگدکوب,-1
9916,لیزر,1
9919,لیسانسیه یا مهندس,1
9920,لیسیدن,-1
9922,لیمو,-1
9925,مأنوس,1
9927,مات,-1
9928,مات و متحیر کردن,1
9930,ماتم‌زده,-1
9933,ماجرا,1
9938,مادر,-1
9939,مادر بزرگ,1
9944,مادرمرده,-1
9946,مادری,1
9947,ماده,1
9948,ماده قابل اشتعالآتش سوزی,-1
9950,ماده چسبنده و لزج,-1
9951,ماده گرایی,-1
9959,مار,-1
9960,مار ابی,-1
9964,مارس,1
9965,مارشال,1
9973,مارگزیده,-1
9976,مازاد,-1
9978,ماساژ,1
9981,ماسک,-1
9993,مافوق,1
9994,مافوق انسانی,1
9997,مافیای,-1
10001,مال باخته,-1
10004,مالاریا,-1
10007,مالش دادن,-1
10010,مالوف,1
10013,مالیخولیایی,-1
10017,مالیات,-1
10018,مالیات غیر مستقیم,-1
10019,مالیخولیایی,-1
10022,مال‌مردم‌خور,-1
10024,مامانی,1
10026,مامایی,1
10030,مامور اداری,-1
10031,مامور اعدام,-1
10032,مامور پلیس,1
10033,ماموریت,1
10034,مامورین عالیرتبه,1
10036,مانا,1
10037,ماندن,-1
10038,ماندنی,1
10040,مانده,-1
10042,ماندگار,1
10043,مانع,-1
10045,مانع شدن,-1
10050,مانوس,1
10055,ماه عسل رفتن,1
10057,ماهر,1
10058,ماهرانه,1
10075,ماهیگیری,-1
10081,مایل,1
10082,مایه‌دار,1
10083,مایوس,-1
10084,ماچ,1
10090,مایحتاج,-1
10095,مایه تاسف,-1
10096,ما‌ه‌زده,-1
10100,مبارز,-1
10101,مبارزات انتخاباتی,-1
10103,مبارزه,-1
10105,مبارک,1
10106,مباشر,1
10107,مبالغه,-1
10109,مبالغه کردن در,-1
10111,مباهات,-1
10112,مبتدی,-1
10114,مبتذل,-1
10115,مبتلا,-1
10116,مبتلا به واریس,-1
10118,مبتکر,1
10126,مبلغ,1
10130,مبنی بر لذات جسمانی,1
10131,مبهم,-1
10132,مبهوت,-1
10133,متابعت,1
10136,متارکه روابط,-1
10137,متاستاز,-1
10138,متاسف,-1
10139,متاسفانه,-1
10143,متانت,1
10146,متبحر,1
10147,متبرک,1
10148,متبرکه,1
10149,متبلور,1
10150,متجانس,1
10151,متجاوز,-1
10152,متجدد,1
10154,متجلی,1
10155,متحجر,-1
10156,متحد,1
10158,متحد المرکز,1
10160,متحده,1
10161,متحرک,1
10162,متحصن,-1
10163,متحمل,-1
10167,متخاصم,-1
10175,متخلف,-1
10178,متداول,1
10180,متدیک,1
10191,مترقی,1
10192,مترقی,1
10194,متروک,-1
10195,متروکه,-1
10197,متزلزل,-1
10198,متساهل,1
10204,متشخص,1
10206,متشنج,-1
10207,متشکر,1
10219,متضرر,-1
10221,متظاهر,-1
10222,متعادل,1
10226,متعالی,1
10227,متعالی,1
10233,متعرض,-1
10234,متعصب,-1
10235,متعفن,-1
10236,متعلق,-1
10240,متعهد,1
10241,متعین,1
10242,متغایر,-1
10243,متغلب,-1
10246,متفرعن,-1
10248,متفق القول,1
10252,متفکر,1
10253,متقابل,1
10256,متقارن,1
10262,متقاعد کردن,1
10263,متقاعد کننده,1
10265,متقلب,-1
10266,متقی,1
10267,متلاشی,-1
10270,متلون,-1
10273,متمایل,1
10275,متمایل,1
10278,متمتع,1
10279,متمدن,1
10280,متمرد,-1
10284,متملق,-1
10285,متمم,1
10287,متمول,1
10289,متنازع فیه,-1
10292,متناظر,1
10294,متناقض,-1
10295,متناوب,-1
10296,متنعم,1
10297,متنفذ,1
10298,متنفر,-1
10299,متنوع,1
10305,متهم,-1
10306,متهم ساختن,-1
10307,متهم کردن,-1
10308,متهور,-1
10310,متواری,-1
10311,متوازن,1
10312,متواضع,1
10315,متوجه,1
10316,متوحش,-1
10318,متورم,-1
10319,متوسط,-1
10322,متوفی,-1
10323,متوقع,-1
10326,متولد شده پس از مرگ پدر,-1
10328,متین,1
10329,متکبر,-1
10333,متکی,-1
10337,مثبت,1
10338,مثبت‌گرا,1
10340,مثل حلزون حرکت کردن,-1
10345,مثله,-1
10346,مثمر,1
10347,مثمرثمر,1
10348,مجاب,1
10349,مجادله,-1
10352,مجاز,1
10353,مجازات,-1
10354,مجازات کردن,-1
10359,مجاهدین,-1
10362,مجبور,-1
10364,مجتمعا,1
10366,مجذوب,-1
10368,مجرب,1
10369,مجرد,-1
10370,مجرم,-1
10371,مجرمیت,-1
10372,مجروح,-1
10374,مجسمه,1
10377,مجسمه سازی,1
10382,مجلس ترحیم,-1
10385,مجلس‌گرم‌کن,1
10386,مجلل,1
10392,مجموعه خوانندگان,1
10396,مجنون,-1
10398,مجهز,1
10401,مجهول الهویه,-1
10405,محاسبه,-1
10408,محاصره,-1
10409,محافظ,1
10410,محافظت,1
10411,محافظه کار,-1
10414,محال,-1
10416,محاورهای,1
10417,محب,1
10418,محبت,1
10420,محبوب,1
10421,محبوبیت,1
10422,محبوس,-1
10424,محتاط,1
10427,محترم,1
,محترمانه,1
10430,محتوا,1
10433,محتکر,-1
10435,محجوب,1
10436,محدودی,-1
10437,محدود,-1
10438,محدود کردن,-1
10440,محدودکننده,-1
10441,محدودیت,-1
10443,محراب,1
10444,محرز,1
10445,محرم,1
10447,محروم,-1
10449,محرومان,-1
10450,محرومیت زدا,1
10451,محرومیت,-1
10455,محسوس,1
10460,محصول,1
10462,محصولات,1
10467,محقق,1
10470,محل,1
10472,محل اقامت,1
10475,محل تولد,-1
10477,محل سکونت,1
10479,محله یهودی نشین,-1
10486,محو,-1
10487,محو شدن,-1
10488,محور,1
10493,محیرالعقول,-1
10496,محکم,1
10501,محکمه,-1
10502,محکوم,-1
10503,محکوم کردن,-1
10504,محکومیت,-1
10507,مخارج,-1
10513,مخالف,-1
10514,مخالف خوان,-1
10515,مخالفت,-1
10516,مخالفت با,-1
10519,مخترع,1
10521,مختصات,-1
10526,مختل,-1
10528,مختلج,1
10532,مخدر,-1
10533,مخدوش,-1
10534,مخرب,-1
10536,مخروبه,-1
10547,مخفی نگاه داشتن,1
10548,مخل,-1
10549,مخلص,1
10550,مخلوط,-1
10555,مخمصه,-1
10556,مخمل خواب دار,1
10559,مخملی,1
10560,مخوف,-1
10561,مد روز,1
10565,مداخله‌جویانه,-1
10570,مدارا,-1
10572,مدافع,1
10573,مدال,1
10577,مداوم,1
10579,مدت اجاره,1
10583,مددکار,1
10587,مدرس,1
,مدرن,1
10597,مدفوع,-1
10598,مدفوع انسان وحیوان,-1
10599,مدفوعی,-1
10601,مدل,1
10602,مدنی,1
10611,مدیر,1
10612,مدیریت,1
10613,مدیون,-1
10617,مذاکره کردن,1
10618,مذاکره کننده,1
10619,مذبوح,-1
10620,مذموم,-1
10623,مذهبی,1
10629,مراسم,1
10633,مراقب,1
10635,مراقبت,1
10639,مربا,1
10644,مربوط,1
10646,مربوط به اشپزخانه,1
10647,مربوط به اپرا,-1
10648,مربوط به خدا سالاری,-1
10654,مربوط به همکاری,1
10655,مربوط به پیری,-1
10660,مربی,1
10665,مرتجع,-1
10666,مرتد,-1
10670,مرتکب جنایت یا جنحه,-1
10676,مرحبا,1
10680,مرحوم,-1
10685,مرد دیوانه,-1
10686,مرداب,-1
10687,مردانه,1
10688,مردانگی,1
10689,مردد,-1
10692,مردم آزار,-1
10694,مردم پسند,1
10696,مردم‌رنگ‌کن,-1
10697,مردن,-1
10698,مردنی,-1
10699,مرده,-1
10700,مرده شوی خانه,-1
10701,مرده پرست,-1
10704,مردودی,-1
10708,مردیا بچه زن صفت,-1
10715,مرسوم، مد روز,1
10717,مرض,-1
10718,مرض جرب,-1
10722,مرعوب,-1
10726,مرغ نوروزی,-1
10728,مرغزار,1
10729,مرغوب,1
10730,مرفه,1
10731,مرمت,1
10732,مرموز,-1
10734,مرهم,1
10740,مرور,-1
10742,مریض,-1
10743,مریض‌احوال,-1
10745,مرکز,1
10752,مرگ,-1
10753,مرگ اسان,-1
10754,مرگ ومیر,-1
10755,مرگبار,-1
10756,مرگ‌آور,-1
10758,مریض,-1
10759,مریم گلی,1
10760,مزاحم,-1
10761,مزاحمت,-1
10764,مزخرف,-1
10765,مزد,1
10767,مزدور,-1
10772,مزمن,-1
10773,مزمور,1
10774,مزیت,1
10776,مسئله,-1
10777,مسئله‌دار,-1
10779,مسئولیت,1
10780,مسئولیت پذیر,1
10785,مساحی,1
10786,مساعد,1
10788,مسافرت کردن,1
10792,مسالمت آمیز,1
10794,مساله‌ساز,-1
10795,مسامحه,-1
10796,مسامحه کار,-1
10800,مست,-1
10801,مستاجر,1
10802,مستبد,-1
10803,مستبدانه,-1
10806,مستحضر,1
10808,مستحکم,1
10809,مستدل,1
10810,مستراح,-1
10812,مستضعف,-1
10822,مستعمل,-1
10824,مستغلات,-1
10839,مستهلک,-1
10840,مستولی,1
10842,مستکبر,-1
10843,مستی,-1
10844,مست‌مست,-1
10850,مسحور,1
10853,مسخره,-1
10854,مسخره امیز,-1
10856,مسدود,-1
10857,مسدود کردن,-1
10858,مسدود کننده,-1
10860,مسرف,-1
10861,مسرور,1
10864,مسری,-1
10865,مسطح,1
10869,مسلط,1
10874,مسلوب‌الاختیار,-1
10875,مسلول,-1
10878,مسموم,-1
10879,مسمومیت,-1
10882,مسهل,1
10887,مسکن,1
10894,مسکین,-1
10900,مشارکت,1
10902,مشاغل,1
10906,مشاور,1
10911,مشتاق,1
10916,مشتری,1
10920,مشتق,1
10923,مشخص شده,1
10928,مشروب,-1
10929,مشروب الکلی,-1
10932,مشروطه,1
10936,مشغول,1
10937,مشقت بار,-1
10938,مشمئزکننده,-1
10941,مشمول,1
10943,مشهود,1
10944,مشهور,1
10945,مشورت,1
10949,مشوش,-1
10950,مشوق,1
10952,مشکل,-1
10953,مشکل گشا,1
10954,مشکلات,-1
10955,مشکل‌پسند,-1
10956,مشکوک,-1
10959,مصاحب,1
10961,مصادره,-1
10964,مصالحه,1
10965,مصدوم,-1
10972,مصلح,1
10973,مصلحت آمیز,1
10974,مصلحت بین,1
10975,مصلحتی,1
10976,مصلوب,-1
10983,مصون از خطا,1
10985,مصیبت بار,-1
10986,مصیبت دیده,-1
10989,مضحک,-1
10990,مضر,-1
10991,مضطرب,-1
10994,مطابقت,1
10997,مطالعه,1
10999,مطبوع,1
11003,مطرح کردن,-1
11006,مطرود,-1
11009,مطلق,1
11011,مطلوب,1
11012,مطمئن,1
11014,مطهر,1
11017,مظلوم,-1
11022,معارض,-1
11023,معارف‌پرور,1
11025,معاشرتی,1
11026,معاشقه,1
11029,معافیت,1
11031,معامله,1
11032,معاند,-1
11036,معاینه,-1
11038,معتاد,-1
11040,معتبر,1
11041,معتدل,1
11042,معترض,-1
11045,معتقد به فلسفه طبیعی,1
11046,معجزه,1
11047,معجزه آسا,1
11048,معجزه اسا,1
11056,معدوم کردن,-1
11063,معروف,1
11065,معسر,-1
11066,معشوقه,-1
11067,معصوم,1
11068,معصیت‌کار,-1
11069,معضل,-1
11070,معطر,1
11071,معطل,-1
11073,معظم,1
11074,معقول,1
11078,معلم,1
11079,معلول,-1
11085,معمول,1
11089,معنادار,1
11093,معنویت,1
11094,معنی‌دار,1
11097,معوقه,-1
11099,معین,1
11100,معیوب,-1
11105,معین,1
11106,معیوب,-1
11109,مغایر,-1
11110,مغذی,1
11111,مغذی,1
11112,مغرض,-1
11113,مغرضانه,-1
11116,مغز,1
11121,مغزی,1
11122,مغشوش,-1
11123,مغلوب,-1
11126,مغناطیس,1
11130,مفتخر,1
11131,مفتضحانه,-1
11134,مفت‌خور,-1
11138,مفسد,-1
11139,مفسر,1
11141,مفصل بندی,1
11145,مفقودالاثر,-1
11146,مفقوده,-1
11147,مفلس,-1
11148,مفهوم,1
11150,مفید,1
11151,مفید,1
11156,مقاربت,1
11163,مقام,1
11164,مقام مارکیز,1
11166,مقام کشیش,1
11168,مقاوم,-1
11169,مقاومت,-1
11170,مقاومت در برابر,-1
11171,مقاومتی,1
11173,مقایسه,-1
11175,مقبره,-1
11176,مقبول,1
11178,مقتدر,1
11179,مقتصد,1
11180,مقتول,-1
11182,مقدر,1
11183,مقدس,1
11186,مقدماتی,1
11192,مقرراتی,1
11194,مقروض,-1
11197,مقصد,1
11198,مقصر,-1
11204,مقعد,-1
11207,مقهور,-1
11210,مقوی,1
11211,مقید,1
11215,مقید,-1
11217,ملاحظه کار,1
11222,ملال‌آور,-1
11223,ملال‌انگیز,-1
11228,ملایم,1
11229,ملایمت,1
11234,ملحد,-1
11236,ملخ,-1
11237,ملزم,1
11239,ملعون,-1
11240,ملغی,-1
11247,ملوک الطوایفی,-1
11249,ملیح,1
11261,ملین,-1
11263,ممانعت,1
11264,ممتاز,1
11268,مملو,-1
11270,ممنوع,-1
11273,ممنوعیت,-1
11274,ممنوع‌الخروج,-1
11275,ممنوع‌الورود,-1
11276,ممنون,1
11281,من من کردن,-1
11282,منابع,1
11283,مناجات,1
11285,منادی,-1
11287,مناسب,1
,مناسبی,1
11291,مناظره,1
11292,منافق,-1
11293,منافی,-1
11294,مناقصه,1
11297,منبر,1
11300,منتخب,1
11301,منتزع,-1
11305,منتشر نشده,-1
11306,منتشر کردن,1
11317,منجی,1
11318,منحرف,-1
11320,منحرف کردن,-1
11321,منحصر به فرد,1
11322,منحصربه‌فرد,1
11323,منحط,-1
11324,منحل,-1
11329,منزجر کننده,-1
11331,منزل یا حیاط پهلویی یا دور افتاده,-1
11332,منزوی,-1
11333,منزوی,-1
11334,منسجم,1
11336,منسوخ,-1
11349,منصفانه,1
11357,منطقی,1
11358,منطقی,1
11360,منظم,1
11361,منظمی,1
11363,منع,-1
11364,منع کردن,-1
11370,منفجر شدن,-1
11372,منفرجه,-1
11376,منفعت طلب,-1
11377,منفعت‌گرا,-1
11378,منفعل,-1
11379,منفور,-1
11380,منفورترین,-1
11381,منفی,-1
11382,منفی‌باف,-1
11383,منفی‌گرا,-1
11384,منفی,-1
11386,منقبض,-1
11387,منقبض شده,-1
11389,منقد,-1
11390,منقرض,-1
11391,منقرض شده,-1
11392,منقضی شدن,-1
11394,منقطع,-1
11398,منهدم,-1
11399,منهدم کردن,-1
11403,منکر,-1
11405,منکوب,-1
11406,منگنه,-1
11408,منگوله دار,-1
11410,مه,-1
11412,مهاجر,-1
11420,مهاجم,-1
11421,مهار,-1
11422,مهار کردن,-1
11423,مهارت,1
11427,مهجور,-1
11428,مهر,1
11430,مهربان,1
11431,مهربانی,1
11435,مهلت,1
11437,مهلک,-1
11438,مهم,1
11439,مهمات,-1
11440,مهمان,1
11441,مهمان نواز,1
11442,مهمان نوازی,1
11445,مهمترین دستاورد,1
11455,مه‌رو,1
11457,مو,-1
11458,مو قر,1
11459,مواج,-1
11465,مواد منفجره,-1
11466,موارد فوق,1
11469,موافق,1
11470,موافقت,1
11471,موانع,-1
11478,موثر,1
11479,موثق,1
11483,موجب ناراحتی,-1
11485,موجز,1
11487,موجود,-1
11488,موجود وهمی بشکل روح,-1
11492,مودار,-1
11493,مودب,1
11494,موذی,-1
11495,موذی,-1
11499,مورد,-1
11500,مورد ایراد,-1
11501,مورد مداقه قرار دادن,-1
11503,مورد پسند,1
11510,موریانه,-1
11516,موزون,1
11520,موسم بارندگی,-1
11527,موسیقی,1
11529,موش,-1
11531,موشکاف,1
11535,موضوع,-1
11542,موفق,1
11543,موفق شدن,1
11544,موفقیت‌آمیز,1
11545,موفقیت,1
11564,مومن,1
11571,مونتاژ,1
11573,مونس,1
11575,موهبت,1
11576,موهن,-1
11577,موهوم,-1
11593,میان‌مایه,-1
11595,میت,-1
11599,میدان‌دار,1
11600,میرا,-1
11602,میزان,1
11611,میمون,1
11619,میهن‌دوست,1
11620,میهن‌پرست,1
11626,میگرن‌زا,-1
11635,مکاتبات,1
11636,مکار,-1
11644,مکتب هنری رومانتیک,1
11646,مکر,-1
11655,مکمل,1
11658,مکیدن,-1
11660,میانجی,1
11669,میدان جنگ,-1
11675,میرایی,-1
11680,میل,1
11681,میل شدید,1
11682,میل لنگ,-1
11683,میله,1
11690,میمون صفتی,-1
11697,میوه رسیده فلفل قرمز,1
11702,میکروسکوپ,1
11710,نا امنی,-1
11711,نا امید,-1
11712,نا امید کردن,-1
11713,نا امیدی,-1
11714,نا برابری,-1
11715,نا درستی,-1
11716,نا سازگار,-1
11718,نا محدود,1
11719,نا مشخص,-1
11720,نا مطلوب,-1
11721,نا مناسب,-1
11722,نا هنجاری,-1
11723,نا چار,1
11724,نا چاری,-1
11726,ناآرام,-1
11727,ناآزاد,-1
11728,ناآشنا,-1
11729,ناآگاهانه,-1
11730,ناامن,-1
11731,ناامید,-1
11732,ناامیدکننده,-1
11733,ناامید,-1
11734,ناامید کننده,-1
11735,نااهل,-1
11736,ناایمن,-1
11739,ناباروری,-1
11741,نابجا,-1
11742,نابخشودنی,-1
11743,نابخشوده,-1
11746,نابسامان,-1
11747,نابغه,1
11748,نابغه‌پرور,1
11749,نابلد,-1
11750,نابه جا,-1
11751,نابه کار,-1
11752,نابهنجار,-1
11753,نابود,-1
11754,نابود شدنی,-1
11755,نابود کردن,-1
11757,نابودگر,-1
11758,نابودی,-1
11759,نابینا,-1
11760,نابکار,-1
11761,ناتراز,-1
11763,ناتمام,-1
11764,ناتمامیت,-1
11766,ناتو,-1
11767,ناتوان,-1
11768,ناتوانی,-1
11770,ناجذاب,-1
11771,ناجنس,-1
11772,ناجوانمرد,-1
11773,ناجور,-1
11774,ناجی,1
11775,ناحساب,-1
11776,ناحق,-1
11779,ناخالص,-1
11780,ناخدا,1
11781,ناخرسند,-1
11782,ناخشنود,-1
11783,ناخشنودشان,-1
11784,ناخلف,-1
11786,ناخن خشک,-1
11787,ناخواسته,-1
11788,ناخوانا,-1
11789,ناخوانده,-1
11790,ناخودآگاه,-1
11792,ناخوش,-1
11793,ناخوش آیند,-1
11794,ناخوشایند,-1
11795,ناخوشایند,-1
11796,ناخوشی,-1
11797,ناخوش‌احوال,-1
11798,نادان,-1
11800,نادانی,-1
11802,نادرخشان,-1
11803,نادرست,-1
11804,نادم,-1
11808,نادیده گرفتن,-1
11809,نادیده گرفته,-1
11810,ناراحت,-1
11811,ناراحتی,-1
11812,ناراحت‌کننده,-1
11813,ناراضی,-1
11814,ناراضی,-1
11815,نارس,-1
11816,نارسا,-1
11818,نارسایی,-1
11819,نارسیده,-1
11820,نارسی,-1
11821,نارضایتی,-1
11822,نارفیق,-1
11824,نارنجک,-1
11826,نارو,-1
11827,ناروا,-1
11831,نازا,-1
11833,نازل شدن,-1
11834,نازنازی,-1
11835,نازنین,1
11837,نازیبا,-1
11838,نازپرورده,-1
11840,نازک‌طبع,1
11841,نازک‌نارنجی,-1
11842,ناسازگار,-1
11843,ناسالم,-1
11846,ناسزا,-1
11848,ناسودمند,-1
11850,ناسپاس,-1
11851,ناشایست,-1
11852,ناشایسته,-1
11855,ناشسته,-1
11857,ناشناس,-1
11858,ناشنوا,-1
11860,ناشی,-1
11861,ناشیانه,-1
11862,ناشکر,-1
11865,ناشی از خست,-1
11866,ناصاف,-1
11867,ناصحیح,-1
11868,ناصواب,-1
11870,ناظر,1
11872,ناعلاج,-1
11874,نافذ,1
11875,نافرجام,-1
11876,نافرخنده,-1
11877,نافرمان,-1
11878,نافرمانی,-1
11879,نافرمانی کردن,-1
11880,نافع,1
11885,ناقص,-1
11886,ناقص الخلقه,-1
11887,ناقص العضو,-1
11888,ناقص العقل,-1
11889,ناقص شده,-1
11890,ناقض,-1
11891,ناقلا,-1
11894,نالازم,-1
11895,نالایق,-1
11896,ناله,-1
11897,ناله و شکایت کردن,-1
11900,نام دار,1
11903,نامأنوس,-1
11904,نامالوف,-1
11905,نامانوس,-1
11906,نامبارک,-1
11909,نامتجانس,-1
11911,نامتعارف,-1
11913,نامتناسب,-1
11914,نامتناظر,-1
11915,نامتوازن,-1
11918,نامحرم,-1
11919,نامحسوس,-1
11922,نامرتب,-1
11923,نامرتبط,-1
11924,نامرحوم,-1
11925,نامرد,-1
11926,نامردان ه,-1
11927,نامردمی,-1
11928,نامردی,-1
11929,نامرغوب,-1
11930,نامزد,1
11932,نامزدی,1
11933,نامساعد,-1
11936,نامسطح,-1
11937,نامشخص,-1
11938,نامشروع,-1
11940,نامطبوع,-1
11941,نامطلوب,-1
11943,نامعقول,-1
11944,نامعلوم,-1
11945,نامعمول,-1
11946,نامعین,-1
11947,نامقبول,-1
11948,نامقدس,-1
11949,نامقرر,-1
11950,ناملایم,-1
11951,ناملموس,-1
11952,ناممکن,-1
11953,نامناسب,-1
11955,نامنسجم,-1
11956,نامنظم,-1
11957,نامنقح,-1
11960,نامهربان,-1
11961,ناموجه,-1
11962,ناموزون,-1
11965,ناموفق,-1
11966,نامی,1
11967,نامیرا,1
11968,نامیزان,-1
11969,نامیمون,-1
11972,نام‌آور,1
11974,نان تست,1
11982,نان‌بر,-1
11983,نان‌به‌نرخ‌روزخور,-1
11988,ناهماهنگ,-1
11989,ناهمایون,-1
11990,ناهمخوان,-1
11992,ناهموار,-1
11995,ناهنجار,-1
11996,ناوارد,-1
11999,ناوگان,1
12009,ناپایا,-1
12010,ناپایدار,-1
12011,ناپاک,-1
12012,ناپخته,-1
12013,ناپدید,-1
12016,ناپذیرا,-1
12017,ناپرداخته,-1
12023,ناپیوستگی,-1
12024,ناچار,-1
12027,ناچیز,-1
12028,ناکارآمد,-1
12029,ناکارا,-1
12031,ناکافی,-1
12032,ناکام,-1
12033,ناکامل,-1
12034,ناکس,-1
12035,ناکوک,-1
12036,ناگزیر,-1
12038,ناگفتنی,-1
12043,ناگوار,-1
12044,ناگیرا,-1
12047,نایب السلطنه,1
12049,نبرد,-1
12056,نتراشیده,-1
12057,نترس,-1
12058,نتیجه‌بخش,1
12059,نتیجه‌گرا,1
12060,نتیجه,1
12065,نجابت,1
12066,نجات,1
12068,نجات یافته,1
12069,نجات‌دهنده,1
12070,نجات‌یافته,1
12072,نجس,-1
12073,نجس کردن,-1
12077,نجیب,1
12078,نجیب,1
12079,نجیب زاده,1
12080,نحس,-1
12083,نحیف,-1
12084,نحیف,-1
12086,نخ نما,-1
12090,نخاله,-1
12091,نخبه,1
12092,نخست,1
12093,نخستزاده,1
12101,ندار,-1
12102,ندامت,-1
12103,ندامتگاه,-1
12104,ندرتا,-1
12107,نذر,1
12111,نر و ماده,-1
12115,نرده,-1
12117,نرسیده,-1
12130,نزار,-1
12131,نزاع,-1
12132,نزاع و جدال کردن,-1
12133,نزاکت,1
12137,نزدیک بینی,-1
12139,نزدیکی,1
12141,نزولی,-1
12143,نساجی,-1
12144,نسب,1
12147,نسبت دادن,-1
12152,نستوه,1
12153,نسخه,-1
12156,نسنجیده,-1
12157,نسوخته,1
12158,نسوز,1
12161,نشئه شده,1
12163,نشاط,1
12164,نشاط‌آور,1
12165,نشاط‌انگیز,1
12166,نشان,1
12167,نشان دادن,1
12175,نشت,-1
12179,نشدنی,-1
12182,نشست,-1
12184,نشناخته,-1
12194,نصیحت پذیر,1
12195,نصیحت,1
12197,نطق اصلی کردن,1
12198,نظارت,-1
12202,نظام‌مند,1
12203,نظام‌یافته,1
12210,نظم‌گرا,1
12211,نظم‌گریز,-1
12213,نظیف,1
12214,نعش کش,-1
12218,نعمت,1
12219,نعمت غیر مترقبه,1
12221,نغز,1
12223,نفاق,-1
12229,نفخ شکم,-1
12230,نفرت,-1
12231,نفرت انگیز,-1
12232,نفرت داشتن از,-1
12236,نفس نفس زدن,-1
12237,نفسانی,-1
12239,نفقه,-1
12240,نفهم,-1
12241,نفوذ,-1
12245,نفی,-1
12246,نفیس,1
12247,نق نقو,-1
12260,نقرس,-1
12265,نقش برآب,-1
12272,نقص,-1
12273,نقصان‌پذیر,-1
12274,نقض,-1
12275,نقض کردن,-1
12277,نقطه اتکاء,1
12291,نمادین,1
12293,نماز خواندن,1
12296,نمایان,1
12306,نمایشگاه,1
12308,نمایشی,1
12309,نماینده,1
12310,نمایندگی,1
12324,نمونه و سرمشق,1
12325,نمونه کامل,1
12327,نمونه‌وار,1
12331,ننر,-1
12332,ننگین,-1
12333,ننگین,-1
12334,نه,-1
12336,نهان,-1
12349,نو کردن,1
12351,نوآور,1
12352,نوآوری,1
12353,نوار,-1
12357,نوازش,1
12358,نوازش کردن,-1
12363,نواندیش,1
12369,نوجو,1
12370,نوجوان,-1
12373,نورگیر,1
12374,نور افتاب,1
12376,نور ستاره,1
12383,نورچشمی,1
12387,نوساز,1
12388,نوسازی,1
12389,نوسان,-1
12392,نوسانات,-1
12395,نوش دارو,1
12396,نوشابه,1
12402,نوظهور,1
12403,نوع,1
12404,نوع دوست,1
12406,نوعی ابگوشت,1
12411,نوعی سگ بزرگ,1
12419,نومید,-1
12420,نومید کننده,-1
12423,نوه,1
12424,نویدبخش,1
12426,نوین,1
12433,نوک زدن,1
12442,نویسنده,1
12445,نیامرزیده,-1
12448,نیرنگ‌باز,-1
12449,نیرومند,1
12475,نیمه‌کاره,-1
12481,نیک,1
12482,نیک فرجام,1
12484,نیکوکار,1
12486,نپخته,-1
12490,نژادپرست,-1
12494,نکته بینی,1
12495,نکته سنج,1
12502,نگاه دارنده,1
12503,نگاه داشتنی,1
12504,نگاه دزدکی,-1
12505,نگران,-1
12506,نگران کننده,-1
12507,نگرانی,-1
12508,نگران‌کننده,-1
12510,نگه داشتن,-1
12511,نگهبان,1
12516,نگهداری,1
12517,نگون‌بخت,-1
12522,نیازمند,-1
12526,نیت,-1
12527,نیرنگ,-1
12531,نیروی حیاتی,1
12535,نیزه,-1
12537,نیستی,-1
12538,نیش,-1
12539,نیش زدن,-1
12549,نیمه راه,-1
12556,نیکوتین,-1
12558,هاج‌وواج,-1
12561,هار,-1
12562,هارمونی,1
12563,هاضم,1
12575,هتک حرمت,-1
12580,هجوم,-1
12583,هجی,1
12587,هدر رفته,-1
12588,هدررفته,-1
12589,هدف,1
12590,هدف دار,1
12591,هدف مند,1
12592,هدیه,1
12593,هدیه یادگاری یادبود,1
12594,هذیان,-1
12595,هذیانی,-1
12601,هراسان,-1
12602,هراسناک,-1
12603,هراس‌آلود,-1
12604,هرج و مرج,-1
12605,هرج و مرج طلب,-1
12606,هرز,-1
12607,هرزه,-1
12611,هروئین,-1
12612,هروئینی,-1
12615,هزل,-1
12617,هزل‌گو,1
12618,هزینه‌زا,-1
12619,هزینه,-1
12620,هسته,1
12633,هشدار,-1
12635,هشدار دادن,-1
12636,هشدار دهنده,-1
12641,هفت تیر,-1
12652,هق هق,-1
12668,هم سرایان,1
12674,هم مشرب,1
12679,هم پیمان,1
12680,هم پیمان شدن,-1
12686,هماهنگ,1
12687,همایون,1
12692,همجنسگرایی,-1
12694,همخوان,1
12697,همدردی,1
12699,همدم,1
12702,همراه,1
12703,همراهی,1
12705,همراهی کردن با,1
12708,همزمان کردن,1
12711,همسانی,1
12713,همسایه,1
12715,همسر,1
12718,همنشین,1
12723,همه گیر,-1
12726,همه‌فن‌حریف,1
12732,همواره,1
12734,همیشه‌پیروز,1
12738,همکاری,1
12748,همیشه,1
12749,همیشه سبز,1
12750,همیشگی,1
12758,هم‌دست,-1
12779,هنجارگریز,-1
12785,هنر,1
12789,هنردوست,1
12791,هنرمند,1
12793,هنرمندانه,1
12794,هنرور,1
12817,هوسرانی,1
12820,هوس‌باز,-1
12822,هوش,1
12823,هوشمند,1
12824,هوشیار,1
12825,هوشیار,1
12826,هوشیاری,1
12827,هولناک,-1
12829,هویدا,1
12830,هوچی,-1
12831,هوی مرتیکه داری,-1
12832,هوی و هوس,-1
12842,هیچ‌کاره,-1
12845,هک‌شده,-1
12847,هیاهو,1
12849,هیجان,1
12850,هیجان انگیز,1
12856,هیستری,-1
12857,هیستریک,-1
12858,هیولا,-1
12861,هیپی,-1
12865,هیکل,1
12867,وابسته,1
12869,وابسته به ادمکشی,-1
12874,وابسته به تب,-1
12881,وابسته به غسل ​​تعمید,1
12882,وابسته به فرشته,1
12883,وابسته به فرماندار,1
12892,وابسته به چربی,-1
12893,وابسته به کتاب مقدس,1
12896,وابستگی,-1
12903,واجد شرایط,1
12908,واحه,1
12910,وادار کردن,-1
12912,وارد,1
12913,وارد امدن,-1
12920,وارسته,1
12921,وارونه,-1
12930,واضح,1
12934,واقع در پایین,-1
12940,واقعی,1
12944,والا,-1
12948,وان,1
12950,وانمود,-1
12951,وانمود کردن,-1
12954,واهی,-1
12957,واپس‌گرا,-1
12962,واژگان,1
12964,واژگون ساختن,-1
12966,واژگونی,-1
12967,واکسینه,1
12980,واگرا,-1
12986,واگیردار,-1
12987,وای بر,-1
12989,وبا,-1
12992,وجد,1
12993,وجد آمدیم,1
12994,وجدان,1
12995,وجود,1
12998,وحدت,1
12999,وحشت,-1
13000,وحشت زده,-1
13001,وحشت زده شدن,-1
13002,وحشتناک,-1
13004,وحشی,-1
13005,وحشی,-1
13006,وحشیانه,-1
13007,وحشیگری,-1
13008,وحی,1
13009,وخیم,-1
13010,وخیم,-1
13011,وراثت,1
13012,وراج,-1
13016,ورزشکار,1
13019,ورزشی,1
13020,ورزیده,1
13021,ورشکست,-1
13022,ورشکسته,-1
13023,ورشکستگی,-1
13025,ورقه,-1
13026,ورقه رای,1
13030,ورم,-1
13037,وزارت,1
13039,وزغ,-1
13040,وزن,1
13044,وزین,1
13046,وساطت,1
13047,وساطت کردن,1
13056,وسوسه,-1
13060,وسیع,1
13061,وسیله,1
13062,وسیله تطهیر,-1
13068,وصله,-1
13079,وطن‌دوست,1
13080,وطن‌فروش,-1
13081,وطن‌پرست,1
13082,وظیفه شناس,1
13083,وظیفه‌نشناس,-1
13084,وظیفه,1
13085,وظیفه شناس,1
13086,وظیفه نشناس,-1
13087,وعده,1
13090,وفادار,1
13092,وفاداری,1
13093,وفق دادن,1
13094,وفق‌ناپذیر,-1
13095,وفق‌پذیر,1
13096,وقاحت,-1
13097,وقار,1
13100,وقت شناس,1
13101,وقت شناسی,1
13102,وقت نشناس,-1
13103,وقف کردن,1
13104,وقفه,-1
13107,وقیح,-1
13108,ول,-1
13112,ولو,-1
13113,ولگرد,-1
13114,ولگردی,-1
13115,ولگردی و قانونی شکنی,-1
13119,وهم,-1
13120,وهم‌آلود,-1
13121,وهم‌انگیز,-1
13125,ویران,-1
13126,ویرانگر,-1
13136,ویران,-1
13137,ویران کردن,-1
13139,ویرانگر,-1
13140,ویرانی,-1
13143,ویروس,-1
13144,ویروس هرپس,-1
13152,ویژه,1
13153,ویژگی,1
13154,ویژه‌ای,1
13159,یار,1
13161,یاس‌آور,-1
13162,یاغی,-1
13165,یاور,1
13180,یغماگر,-1
13208,یکتا,1
13212,یکه تاز,1
13216,یک‌دنده,-1
13223,پا زدن,-1
13224,پابرجا,1
13230,پادرهوا,-1
13231,پادزهر,1
13233,پادشاه,1
13236,پادگان,1
13238,پارانویا,-1
13239,پارتی,-1
13240,پارتیزان,-1
13241,پارسا,1
13244,پاره,-1
13245,پاره شده,-1
13248,پاره کردن,-1
13253,پارچه ابریشمی گل برجسته,1
13255,پارچه راه راه,-1
13262,پارگی,-1
13265,پاسخ,1
13268,پاشنه,-1
13285,پایا,1
13289,پایدار,1
13290,پایمال,-1
13305,پاک,1
13306,پاک نشدنی,1
13307,پاک کردن,1
13309,پاکباز,1
13312,پاکدامن,1
13313,پاکدامنی,1
13315,پاکیزه,1
13317,پاک‌کننده,1
13323,پایانه,-1
13325,پایدار,1
13327,پایمال کردن,-1
13333,پایین,-1
13334,پایین‌تر,-1
13335,پایین‌ترین,-1
13341,پخته,1
13343,پخش و پلا,-1
13346,پخمه,-1
13352,پدران,1
13355,پدرسالارانه,1
13361,پذیرا,1
13363,پذیرفتنی,1
13364,پذیرفته,1
13366,پذیرش,1
13367,پذیرفتن,1
13369,پر اب و تاب,1
13374,پر از گل,-1
13376,پر تلالو,1
13377,پر حرف,-1
13378,پر خوری,-1
13380,پر رونق,1
13381,پر زحمت,-1
13382,پر زرق و برق,1
13383,پر سر و صدا,-1
13384,پر مخاطره,-1
13386,پر نوخت,1
13389,پر کننده,-1
13390,پرآوازه,1
13391,پراتلاف,-1
13392,پرازدحام,-1
13393,پراسایش,1
13394,پراضطراب,-1
13395,پرافاده,-1
13396,پرافتخار,1
13403,پراکندگی,-1
13404,پربار,1
13406,پربیننده,1
13407,پرت,-1
13408,پرت شدن,-1
13410,پرتاب,-1
13418,پرتلاش,1
13420,پرتو,1
13421,پرتو افکندن,1
13425,پرتوقع,-1
13429,پرتگاه,-1
13430,پرجاذبه,1
13434,پرجنجال,-1
13436,پرحاشیه,-1
13437,پرحرف,-1
13439,پرخاش‌گر,-1
13440,پرخاشجو,-1
13441,پرخرج,-1
13442,پرخطر,-1
13444,پرخور,-1
13445,پرخیروبرکت,1
13446,پرداخت,-1
13449,پرداخت هزینه,1
13452,پرداختن,1
13456,پردل,1
13461,پررفت و آمد,-1
13463,پررو,-1
13465,پرز,-1
13466,پرزدار,1
13467,پرس و جو,1
13468,پرستار,1
13471,پرسرعت,1
13472,پرسروصدا,-1
13474,پرسش و پاسخ,-1
13478,پرسوزو گداز,-1
13481,پرش,1
13482,پرشتاب,1
13483,پرشدنی,-1
13488,پرشکوه,-1
13490,پرطراوت,1
13495,پرماجرا,1
13497,پرمخاطب,1
13498,پرمخاطره,-1
13499,پرمشغله,1
13500,پرمصرف,1
13506,پرنمک,-1
13508,پرهزینه,1
13509,پرهیاهو,-1
13511,پرهیزکار,1
13513,پرواز,1
13524,پرورش,1
13526,پرورش‌یافته,1
13535,پریشان,-1
13541,پرچانه,-1
13544,پرچمدار,1
13546,پرچین,1
13547,پرکار,1
13548,پرگل,1
13551,پریشان,-1
13552,پریشانی,-1
13553,پزشک,1
13555,پزشکی,1
13556,پس از سانحه,-1
13557,پس انداز,1
13559,پس دادن,1
13560,پس روی,-1
13563,پس زنی,-1
13566,پست,-1
13567,پست کننده,-1
13573,پستی,-1
13574,پست‌فطرت,-1
13575,پسر,-1
13576,پسر بچه,-1
13580,پسرفتی,-1
13582,پسندیده,1
13591,پشتیبان,1
13592,پشتگرم,1
13594,پشتیبانی,1
13595,پشتیبانی نشده,-1
13598,پشم گوسفند وجانوران دیگر,-1
13603,پشه,-1
13604,پشیمان,-1
13605,پشیز,-1
13606,پشیمانی,-1
13608,پف کرده,-1
13619,پلاسیده,-1
13622,پلشت‌بر,1
13623,پلمب,-1
13635,پلیس,1
13643,پناهگاه,1
13652,پنجه,-1
13653,پنجه طلایی,1
13654,پنج‌ستاره,1
13656,پنهان,-1
13658,پنهان کردن,-1
13664,پهلوان,1
13666,پهلوان پنبه,-1
13667,پهلوانان,1
13679,پورنو,-1
13680,پورنوگرافی,-1
13682,پوزخند,1
13685,پوزه,-1
13688,پوست درخت,-1
13691,پوست کندن,-1
13695,پوسته خارجی,-1
13701,پوسیده,-1
13702,پوسیدگی,-1
13704,پوشالی,-1
13705,پوشاندن,1
13710,پوشیدنی,1
13712,پوشیدن,-1
13713,پوشیده,-1
13714,پوشیده از ابر,-1
13716,پول,1
13717,پول نقد,1
13719,پولدار,1
13721,پولی,1
13723,پوند,-1
13725,پویا,1
13726,پوچ,-1
13727,پوچ گرایی,-1
13728,پوچی,-1
13734,پیام‌آور,1
13741,پیروز,1
13742,پیروزمند,1
13743,پیروزی‌بخش,1
13746,پیش قدم,1
13747,پیشرفته,1
13748,پیشرو,1
13752,پیشگام,1
13758,پیش‌پا‌افتاده,-1
13760,پیش‌کسوت,1
13761,پیله‌ور,-1
13763,پیمان‌شکن,-1
13773,پژمرده شدن,-1
13780,پکر,-1
13783,پی جو,1
13784,پی در پی,-1
13791,پیازی,-1
13794,پیامبر,1
13807,پیروز,1
13808,پیروز شدن بر,1
13809,پیروزی,1
13812,پیش,1
13814,پیش اخطار,-1
13816,پیش بینی,1
13817,پیش بینی کردن,1
13820,پیش رفتن,-1
13828,پیشانه,1
13832,پیشرفت,1
13833,پیشرفته,1
13834,پیشرو,1
13835,پیشنهاد,1
13840,پیشگام,1
13848,پیمان شکنی,-1
13854,پیوستن,1
13855,پیوسته,1
13860,پیچ,-1
13862,پیچ خوردن,-1
13865,پیچ و تاب,-1
13866,پیچ و تاب خوردن,-1
13870,پیچهای تودرتوی,-1
13871,پیچیده,-1
13872,پیچیده کردن,-1
13875,پیک نیک,1
13886,چابکی,1
13887,چاخان,-1
13893,چاره,-1
13895,چاره ساز,1
13899,چاشنی زدن,-1
13900,چاشنی زده,1
13901,چاق,-1
13902,چاق و چله,1
13904,چاقوکش,-1
13905,چاقوی کوچک جراحی,-1
13906,چاقی,-1
13908,چالش,-1
13915,چاپ جدید,-1
13921,چاپیدن,-1
13925,چاکر,-1
13937,چرب,-1
13939,چربی,-1
13940,چرت,-1
13941,چرت زدن,1
13942,چرتی,-1
13946,چرخ دنده جناحی,-1
13965,چرند,-1
13969,چرک,-1
13971,چرک زا,-1
13972,چرکین,-1
13973,چرکی,-1
13974,چریدن,1
13977,چسباننده,1
13986,چشم انداز,1
13990,چشم پوشی,-1
13991,چشم پوشی کردن از,1
13996,چشمک زدن,1
13999,چشمگیر,1
14000,چشمگیر,1
14003,چشم‌چپ,-1
14005,چلاق,-1
14011,چماق یا شلاق چرمی,-1
14025,چند همسری,-1
14031,چندش‌آور,-1
14040,چنگ,1
14041,چنگ زدن,-1
14043,چنگال,-1
14070,چوبه دار,-1
14073,چوبکاری,-1
14075,چوپان,1
14079,چیره,1
14083,چپ دست,-1
14086,چپ چپ,-1
14088,چپاول‌گر,-1
14091,چک لیست,1
14097,چکه کن,-1
14107,چیز ساییده شده,-1
14108,چیز عجیب و غریب,-1
14125,ژست گرفتن,-1
14131,ژنده,-1
14132,ژنده پوش,-1
14135,ژولیده,-1
14140,کابوس,-1
14143,کابینه,1
14147,کاتب نسخه‌های خطی,1
14148,کاتتر,-1
14152,کاج,-1
14159,کار بیهوده,-1
14161,کارآزموده,1
14162,کارآفرین,1
14164,کارآمد,1
14166,کارا,1
14169,کاراندوز,1
14172,کاربر,1
14174,کاربردی,1
14176,کاربرپسند,1
14180,کارتل,-1
14187,کاردانی,1
14188,کاردیومیوپاتی,-1
14189,کارد‌خورده,-1
14190,کارراه انداز,1
14191,کارشناس,1
14199,کارهای عادی و روزمره,-1
14204,کارچاق‌کن,1
14205,کارکرده,-1
14207,کارکشته,1
14211,کارگر,1
14216,کارگشا,1
14219,کاریکاتور,-1
14225,کاستن,-1
14239,کافر,-1
14240,کافر شدند,-1
14241,کافه,1
14246,کال,-1
14248,کالایی,-1
14249,کالبد شکافی,-1
14259,کامل,1
14260,کاملأ پیچیده,1
14261,کاملا,1
14262,کافی,1
14263,کامیاب,1
14266,کامیابی,1
14278,کاه,-1
14280,کاهش,-1
14281,کاهش ارزش,-1
14283,کاهش دادن,-1
14285,کاهل,-1
14286,کاهلی,-1
14296,کاپوت,-1
14309,کبوتر,-1
14312,کبود,-1
14313,کبودی,-1
14324,کتاب راهنما,1
14331,کتابسرا,1
14337,کتاب‌شناس,1
14343,کتک‌خورده,-1
14346,کثافت,-1
14347,کثرت‌گرا,1
14351,کثیف,-1
14352,کثیف,-1
14353,کج,-1
14355,کج خلقی,-1
14356,کج و معوج کردن,-1
14358,کج‌اندیش,-1
14359,کج‌سلیقه,-1
14363,کدورت,-1
14364,کذاب,-1
14365,کذایی,-1
14366,کذب,-1
14367,کر,-1
14384,کرم ریز,-1
14386,کرم پنیر,-1
14389,کرم‌خورده,-1
14399,کروکثیف,-1
14402,کریم,1
14403,کریه,-1
14404,کریه‌المنظر,-1
14408,کرکس,-1
14409,کرکننده,-1
14411,کرگدن,-1
14412,کریستال,1
14415,کزاز,-1
14416,کساد,-1
14417,کسالت‌آور,-1
14418,کسالت‌بار,-1
14419,کسب,1
14420,کسب درآمد,1
14422,کسر کردن,-1
14425,کسل,-1
14427,کسل‌کننده,-1
14428,کسی را دست انداختن,-1
14429,کسی را کوچک کردن,-1
14434,کسیکه در پارلمان تبلیغ میکند,-1
14436,کسیکه قربانی دیگران شود,-1
14441,کشاورزی,1
14442,کشت,1
14444,کشت کردن,1
14445,کشتار,-1
14446,کشتارگاه,-1
14447,کشتن,-1
14448,کشته,-1
14449,کشته‌شده,-1
14451,کشتی,-1
14459,کشف,1
14460,کشف و خنثی,-1
14464,کشنده,-1
14473,کشکی,-1
14474,کشیدن,1
14476,کشیش,1
14480,کف,-1
14484,کف زدن,1
14486,کفاره,1
14489,کفایت,1
14492,کفرآمیز,-1
14493,کفرگوینده,-1
14510,کلاسیک,1
14511,کلاس‌بالا,1
14512,کلاس‌پایین,-1
14513,کلاش,-1
14518,کلاله,-1
14524,کلاه ایمنی,1
14525,کلاه بردار,-1
14529,کلاهبردار,-1
14535,کلروفورم,-1
14539,کلمات,-1
14541,کلمه,1
14543,کلنگ,1
14544,کلنگی,-1
14546,کله‌شق,-1
14550,کلوچه یا نان پخته شده در قالب‌های دو پارچه اهنی,-1
14560,کلک,-1
14562,کلک‌باز,-1
14564,کلیسا,1
14565,کلیسای جامع,1
14567,کلیشه,-1
14571,کم,-1
14573,کم بها کردن,-1
14574,کم توان,-1
14576,کم حافظه,-1
14577,کم درآمد,-1
14579,کم رنگ و پریده,-1
14581,کم شدن,-1
14582,کم شنوا,-1
14584,کم عقل,-1
14586,کم فروش,-1
14588,کم مصرف,1
14591,کم پیدا,-1
14592,کم کار,-1
14596,کمال,1
14601,کمبود,-1
14602,کمتر,-1
14603,کمتری,-1
14604,کمتر توسعه‌یافته,-1
14605,کمترین,-1
14606,کمتر‌شناخته‌شده,-1
14608,کمدی,1
14612,کمربند,-1
14613,کمرشکن,-1
14614,کمرو,-1
14620,کمونیست,-1
14621,کمونیسم,-1
14626,کمیک,1
14627,کمپلکس شده,-1
14628,کمپوست,-1
14630,کمک,1
14633,کمک مالی,-1
14634,کمک هزینه تحصیلی,1
14636,کمک کردن,1
14641,کمیاب,-1
14642,کمیابی,-1
14645,کمین,-1
14646,کم‌آب,-1
14647,کم‌التفات,-1
14648,کم‌بازدید,-1
14649,کم‌بیننده,-1
14653,کم‌جنبه,-1
14654,کم‌خرج,1
14656,کم‌خون,-1
14658,کم‌سو,-1
14659,کم‌سواد,-1
14661,کم‌ظرفیت,-1
14662,کم‌لطف,-1
14663,کم‌مخاطب,-1
14666,کنار کشیدن,-1
14668,کنار گذاشته,-1
14670,کناره گیری,-1
14672,کنایه‌آمیز,-1
14675,کنت,1
14679,کنترل نشده,-1
14682,کنتس,1
14684,کنجکاو,-1
14685,کنجکاوی,-1
14686,کند,-1
14687,کندرو,-1
14690,کندو,-1
14692,کندکار,-1
14693,کندی,-1
14695,کنسرو,1
14702,کنه,-1
14715,کهن,-1
14717,کهنه,-1
14718,کهنه سرباز,1
14722,کهنه‌پرست,-1
14723,کهنه‌پوش,-1
14724,کهنه‌کار,1
14733,کوبیدن,-1
14734,کوتاه,-1
14735,کوتاه قد,-1
14739,کوته بین,-1
14741,کوتوله,-1
14743,کود,-1
14744,کود کشاورزی,-1
14746,کودتا‌چی,-1
14747,کودن,-1
14748,کودک,1
14750,کودک کشی,-1
14751,کودکانه,-1
14753,کودکی,1
14754,کور,-1
14756,کوری,-1
14759,کوسن,1
14760,کوسه ماهی,-1
14763,کوفته,-1
14765,کوفتی,-1
14772,کولی,-1
14790,کوچه‌بازاری,-1
14791,کوچه‌گرد,-1
14793,کوچک,-1
14794,کوچک شدن,-1
14802,کوکورانه,-1
14803,کویر,-1
14808,کیف‌زن,-1
14809,کیف‌قاپ,-1
14810,کیمیاگر,1
14811,کینه‌توز,-1
14812,کینه‌جو,-1
14819,کپک,-1
14820,کپک زده,-1
14821,کپک‌زده,-1
14823,کچل,-1
14825,کک,-1
14827,کیست,-1
14834,کیفری,-1
14842,کینه,-1
14843,کینه توز,-1
14844,کینه توزی,-1
14849,کیک پنیر,-1
14854,گاز,-1
14884,گاوی,-1
14885,گدا,-1
14889,گدازه,-1
14890,گداصفت,-1
14891,گدامنش,-1
14901,گر,-1
14902,گراز,-1
14903,گراز دریایی,1
14909,گرامی,1
14910,گرامی داشتن,1
14911,گران,-1
14912,گران فروش,-1
14914,گرانبها,1
14915,گرانقدر,1
14916,گرانقیمت,1
14918,گرایش,1
14926,گرد و خاک,-1
14927,گرد و خاک گرفتن,-1
14934,گردباد,-1
14940,گردن‌شکسته,-1
14941,گردن‌کش,-1
14946,گرز,-1
14947,گرسنه,-1
14948,گرسنگی,-1
14952,گرفتار کردن,-1
14953,گرفتاری,-1
14954,گرفتن,-1
14957,گرفتگی عضلات,-1
14981,گروه ترکان و مغولان,-1
14984,گروگان,-1
14986,گریان,-1
14987,گریزان,-1
14989,گریه‌آور,-1
14990,گری‌گوری,-1
14994,گریان,-1
14995,گریختن,-1
14998,گریزان,-1
15001,گریه کردن,-1
15008,گزافه‌گو,-1
15009,گزش ایجاد می‌کنند,-1
15010,گزنده,-1
15011,گزنه,-1
15014,گزینه,1
15016,گستاخ,-1
15017,گسترده,1
15018,گسترش,1
15025,گشاده‌رو,1
15034,گفتنی,1
15036,گفتگو,1
15038,گل,-1
15041,گل دار,1
15043,گل شمعدانی,1
15045,گل مژه,-1
15046,گل میخ,1
15051,گلخانه,1
15056,گله,-1
15057,گله مند,-1
15070,گلگون,1
15079,گل‌زن,1
15083,گم,-1
15084,گم نام,-1
15085,گمان,1
15087,گمراه,-1
15088,گمراه کردن,-1
15089,گمراه کننده,-1
15091,گمشده,-1
15092,گناه,-1
15093,گناه کار,-1
15094,گناهکار,-1
15095,گناه‌آلود,-1
15099,گنج,1
15103,گندزدا,1
15104,گندماسیابی,1
15106,گنده‌گو,-1
15107,گندیدنی,-1
15108,گندیده,-1
15109,گندیدگی,-1
15110,گنه گنه,1
15111,گنگ,-1
15112,گه,-1
15113,گهواره,1
15116,گوارا,1
15118,گوارنده,1
15122,گواهی دادن,1
15123,گواهی نامه,1
15128,گورکن,-1
15129,گوریل,-1
15135,گوساله,1
15141,گوش خراش,-1
15146,گوشت خوار,-1
15157,گوشتی,-1
15161,گوشه گیر,-1
15162,گوشه‌نشین,-1
15164,گوشک,-1
15166,گول خور,-1
15167,گول زدن,-1
15168,گول‌خورده,-1
15174,گویا,1
15177,گوژپشت,-1
15178,گوگرد,-1
15180,گویا,1
15185,گیج,-1
15186,گیج‌کننده,-1
15199,گیاهی,1
15201,گیج,-1
15202,گیج کردن,-1
15204,گیجی,-1
15210,گیلاس,1
15212,گیوتین,-1
15216,یادبود,1
15217,یادبودی,1
15220,یادگاری,1
15222,یادگیری,1
15223,یار,1
15224,یارو,1
15227,یاس,-1
15230,یاغی,-1
15231,یافت,1
15236,یاور,1
15237,یبوست,-1
15240,یخبندان,-1
15250,یقین,1
15251,یواشکی,-1
15252,یورش,-1
15253,یوزباشی,1
15259,یک دنده,1
15261,یک ظرف غذا,-1
15270,یکدلی,1
15273,یکنواخت و خسته کننده,-1
15274,یکنواختی,-1
15276,یکنوع مار بزرگ سیلانی,-1
